vehicle,time,lat,long,Server_Time,Route,Trip,Inbound_Outbound,Stop_Name,Stop_Id,timestamp,uuid,ts,bus,trk2,text,description,media_text,dropfile_id,fob,rule,parameter,date
2101,2025-06-26 16:51:21,42.446333,-76.482722,2025-06-26 16:51:23.163,36,1635,7,Undefined,0,2025-06-26 16:51:06,1c523eba-f999-4dd2-93d9-9fcba388feb5,2025-06-26 16:51:06,2101,255100033577071,Special card,Cornell Card,Cornell,255100033577071,278545,TOM,FACULTY/STAFF,2025-06-26
2101,2025-06-26 16:52:55,42.450336,-76.482898,2025-06-26 16:52:57.620,36,1635,7,Rockefeller Hal,1525,2025-06-26 16:52:27,87427a31-d538-4d54-a206-c9d00a96fc5d,2025-06-26 16:52:27,2101,255100054912371,Special card,Cornell Card,Cornell,255100054912371,349829,TOM,STUDENT OMNIRIDE,2025-06-26
2101,2025-06-26 16:52:55,42.450336,-76.482898,2025-06-26 16:52:57.620,36,1635,7,Rockefeller Hal,1525,2025-06-26 16:52:30,8b60432b-6acd-4405-8a21-89a4c87cc6fb,2025-06-26 16:52:30,2101,255100054875231,Special card,Cornell Card,Cornell,255100054875231,317430,TOM,FACULTY/STAFF,2025-06-26
2101,2025-06-26 16:52:55,42.450336,-76.482898,2025-06-26 16:52:57.620,36,1635,7,Rockefeller Hal,1525,2025-06-26 16:52:32,77d67f68-b3fd-4e83-a3d6-ab687a03cb24,2025-06-26 16:52:32,2101,255100048327792,Special card,Cornell Card,Cornell,255100048327792,305839,TOM,FACULTY/STAFF,2025-06-26
2101,2025-06-26 17:28:30,42.525871,-76.491866,2025-06-26 17:28:31.953,36,1711,3,Triphammer @ As,3314,2025-06-26 17:28:10,619089b2-4d61-49b2-ab74-2ea1a97c9b8e,2025-06-26 17:28:10,2101,255100012946092,Special card,Cornell Card,Cornell,255100012946092,334923,TOM,FACULTY/STAFF,2025-06-26
2101,2025-06-26 17:50:43,42.445192,-76.483324,2025-06-26 17:50:45.460,30,1730,3,Sage Hall,1534,2025-06-26 17:49:34,c4b9bfb9-61d6-4ac2-8f9f-b4114dde9807,2025-06-26 17:49:34,2101,255100056759001,Special card,Cornell Card,Cornell,255100056759001,370935,TOM,STUDENT OMNI NEW,2025-06-26
2101,2025-06-26 17:50:43,42.445192,-76.483324,2025-06-26 17:50:45.460,30,1730,3,Sage Hall,1534,2025-06-26 17:49:37,0e6b948b-8d3d-49d8-9a16-6ba73ef54f5c,2025-06-26 17:49:37,2101,255100057057221,Special card,Cornell Card,Cornell,255100057057221,372597,TOM,STUDENT OMNI NEW,2025-06-26
2101,2025-06-26 18:13:45,42.438732,-76.496102,2025-06-26 18:13:46.897,11,1808,7,Green Commons,165,2025-06-26 18:05:29,cf884752-5b39-4a88-836e-c1482af4430d,2025-06-26 18:05:29,2101,255100053614061,Special card,Cornell Card,Cornell,255100053614061,326807,TOM,STUDENT OMNIRIDE,2025-06-26
2101,2025-06-26 18:17:39,42.439068,-76.495398,2025-06-26 18:17:40.977,11,1808,7,Aurora Commons,172,2025-06-26 18:17:10,26dbb292-b816-4a88-af26-c294f4aff76b,2025-06-26 18:17:10,2101,255100056318321,Special card,Cornell Card,Cornell,255100056318321,350271,TOM,STUDENT OMNI NEW,2025-06-26
2101,2025-06-26 19:09:46,42.439020,-76.501712,2025-06-26 19:09:48.860,11,1827,3,Albany at Salva,112,2025-06-26 19:08:15,bb8f2b73-c947-4ce3-9e07-508103f2a6ae,2025-06-26 19:08:15,2101,255100056388551,Special card,Cornell Card,Cornell,255100056388551,377468,TOM,STUDENT OMNI NEW,2025-06-26
2101,2025-06-26 20:32:21,42.439090,-76.495437,2025-06-26 20:32:24.697,11,2008,7,Aurora Commons,172,2025-06-26 20:31:45,3cb8c152-fdae-49a5-850a-15c8d0a95f0b,2025-06-26 20:31:45,2101,255100053057833,Special card,Cornell Card,Cornell,255100053057833,317912,TOM,STUDENT OMNIRIDE,2025-06-26
2502,2025-06-26 12:01:42,42.438683,-76.496094,2025-06-26 12:01:44.493,43,1201,7,Green Commons,165,2025-06-26 11:52:38,d9a46392-e9d5-47d0-af10-4a72b5337e34,2025-06-26 11:52:38,2502,255100010109721,Special card,Cornell Card,Cornell,255100010109721,226013,TOM,RETIREE 25,2025-06-26
2502,2025-06-26 12:03:52,42.441260,-76.489741,2025-06-26 12:03:54.297,43,1201,7,Stewart @ Senec,1721,2025-06-26 11:54:25,cc00600a-6603-473d-936b-70719d6bf280,2025-06-26 11:54:25,2502,255100056040693,Special card,Cornell Card,Cornell,255100056040693,368177,TOM,POST GRADUATE,2025-06-26
2502,2025-06-26 12:03:52,42.441260,-76.489741,2025-06-26 12:03:54.297,43,1201,7,Stewart @ Senec,1721,2025-06-26 12:00:33,d03a882d-6ebe-4ecc-a382-102a9fd968bd,2025-06-26 12:00:33,2502,255100051583202,Special card,Cornell Card,Cornell,255100051583202,308894,TOM,STUDENT OMNIRIDE,2025-06-26
2502,2025-06-26 12:04:58,42.443961,-76.489455,2025-06-26 12:05:00.640,43,1201,7,Stewart @ Willi,1725,2025-06-26 12:03:29,7e400689-579a-4637-978f-95f6e6c2fdb3,2025-06-26 12:03:29,2502,255100057366851,Special card,Cornell Card,Cornell,255100057366851,375996,TOM,STUDENT OMNI NEW,2025-06-26
2502,2025-06-26 12:12:04,42.447531,-76.474611,2025-06-26 12:12:06.740,43,1201,7,Bradfield Hall,1545,2025-06-26 12:03:32,8b731a81-41ee-45bf-b5cd-a6c172b42368,2025-06-26 12:03:32,2502,255100055007011,Special card,Cornell Card,Cornell,255100055007011,350828,TOM,STUDENT OMNI NEW,2025-06-26
2502,2025-06-26 13:42:27,42.476037,-76.388140,2025-06-26 13:42:29.533,43,1303,3,Dryden Rd @ Mai,4540,2025-06-26 13:40:06,7f9d93ac-a3c3-4149-bd19-7d09e404eb98,2025-06-26 13:40:06,2502,255100049862013,Special card,Cornell Card,Cornell,255100049862013,324898,TOM,FACULTY/STAFF,2025-06-26
2502,2025-06-26 15:22:08,42.447581,-76.481231,2025-06-26 15:22:09.933,43,1511,7,Uris Hall,1541,2025-06-26 15:20:47,f405059b-5441-4024-af1a-2188fb0705e1,2025-06-26 15:20:47,2502,255100055170822,Special card,Cornell Card,Cornell,255100055170822,369877,TOM,STUDENT OMNIRIDE,2025-06-26
2502,2025-06-26 15:23:39,42.447573,-76.478249,2025-06-26 15:23:41.490,43,1511,7,Corson/Mudd Hal,1543,2025-06-26 15:20:50,6544fde2-cb82-4829-8294-6f668e5e044f,2025-06-26 15:20:50,2502,255100055021511,Special card,Cornell Card,Cornell,255100055021511,340814,TOM,STUDENT OMNI NEW,2025-06-26
2502,2025-06-26 16:47:10,42.446357,-76.482637,2025-06-26 16:47:12.473,43,1638,7,Undefined,0,2025-06-26 16:46:51,20162666-ab13-4494-b031-2fdecfebfbfd,2025-06-26 16:46:51,2502,255100010140382,Special card,Cornell Card,Cornell,255100010140382,361081,TOM,FACULTY/STAFF,2025-06-26
2502,2025-06-26 16:47:10,42.446357,-76.482637,2025-06-26 16:47:12.473,43,1638,7,Undefined,0,2025-06-26 16:46:54,146f2104-a696-42be-9ea4-991bfbe5b2b7,2025-06-26 16:46:54,2502,255100056080741,Special card,Cornell Card,Cornell,255100056080741,382289,TOM,FACULTY/STAFF,2025-06-26
2502,2025-06-26 16:47:10,42.446357,-76.482637,2025-06-26 16:47:12.473,43,1638,7,Undefined,0,2025-06-26 16:46:56,28a957fe-c58f-44c2-9857-65a47969e7f7,2025-06-26 16:46:56,2502,255100058431312,Special card,Cornell Card,Cornell,255100058431312,368706,TOM,POST GRADUATE,2025-06-26
2502,2025-06-26 16:47:10,42.446357,-76.482637,2025-06-26 16:47:12.473,43,1638,7,Undefined,0,2025-06-26 16:46:58,5ad5ab70-39fd-406a-bbff-175e84931710,2025-06-26 16:46:58,2502,255100057347891,Special card,Cornell Card,Cornell,255100057347891,371805,TOM,FACULTY/STAFF,2025-06-26
2502,2025-06-26 16:47:10,42.446357,-76.482637,2025-06-26 16:47:12.473,43,1638,7,Undefined,0,2025-06-26 16:47:01,7c78c63d-eff0-4763-92ba-8b405521053e,2025-06-26 16:47:01,2502,255100051161962,Special card,Cornell Card,Cornell,255100051161962,348537,TOM,FACULTY/STAFF,2025-06-26
2502,2025-06-26 16:48:19,42.447570,-76.481271,2025-06-26 16:48:21.713,43,1638,7,Uris Hall,1541,2025-06-26 16:47:58,25ed5620-4a12-4013-ae92-7046933534aa,2025-06-26 16:47:58,2502,255100054699872,Special card,Cornell Card,Cornell,255100054699872,361776,TOM,FACULTY/STAFF,2025-06-26
2502,2025-06-26 16:48:19,42.447570,-76.481271,2025-06-26 16:48:21.713,43,1638,7,Uris Hall,1541,2025-06-26 16:48:01,9ec29d3b-be3c-4064-a461-85f9b1b415f5,2025-06-26 16:48:01,2502,255100057367891,Special card,Cornell Card,Cornell,255100057367891,371282,TOM,FACULTY/STAFF,2025-06-26
2502,2025-06-26 16:49:26,42.447570,-76.478349,2025-06-26 16:49:27.907,43,1638,7,Corson/Mudd Hal,1543,2025-06-26 16:49:06,fd8c42d0-db7c-43d2-920d-a2218ea5fde5,2025-06-26 16:49:06,2502,255100054623612,Special card,Cornell Card,Cornell,255100054623612,305846,TOM,FACULTY/STAFF,2025-06-26
2502,2025-06-26 16:50:34,42.447545,-76.474585,2025-06-26 16:50:36.493,43,1638,7,Bradfield Hall,1545,2025-06-26 16:50:18,187472e2-b763-4b95-a72c-950db4597bcb,2025-06-26 16:50:18,2502,255100010138894,Special card,Cornell Card,Cornell,255100010138894,380554,TOM,FACULTY/STAFF,2025-06-26
2502,2025-06-26 17:43:23,42.447545,-76.467168,2025-06-26 17:43:25.833,21,1743,7,Vet School,1555,2025-06-26 17:40:39,f1f76068-d8da-4a08-ab30-5aaa3fbd2552,2025-06-26 17:40:39,2502,255100058608731,Special card,Cornell Card,Cornell,255100058608731,374646,TOM,TEMP STAFF,2025-06-26
2502,2025-06-26 17:43:23,42.447545,-76.467168,2025-06-26 17:43:25.833,21,1743,7,Vet School,1555,2025-06-26 17:40:42,112a3202-5580-4cf7-bb9b-f2166ff39b37,2025-06-26 17:40:42,2502,255100052526403,Special card,Cornell Card,Cornell,255100052526403,347298,TOM,STUDENT OMNIRIDE,2025-06-26
2502,2025-06-26 17:43:23,42.447545,-76.467168,2025-06-26 17:43:25.833,21,1743,7,Vet School,1555,2025-06-26 17:41:38,4b3df373-4153-47bd-befc-5e2a1cfd5dda,2025-06-26 17:41:38,2502,255100051529604,Special card,Cornell Card,Cornell,255100051529604,380235,TOM,STUDENT OMNI NEW,2025-06-26
2502,2025-06-26 17:44:53,42.447588,-76.472365,2025-06-26 17:44:55.140,21,1743,7,Dairy Bar Acros,1546,2025-06-26 17:44:30,23ecda7a-37f9-4fcd-9c36-175ec6842177,2025-06-26 17:44:30,2502,255100040940571,Special card,Cornell Card,Cornell,255100040940571,379107,TOM,STUDENT OMNI NEW,2025-06-26
2502,2025-06-26 17:45:50,42.447613,-76.476489,2025-06-26 17:45:52.597,21,1743,7,Bradfield Hall,1544,2025-06-26 17:45:27,909af5dc-5933-40bb-90b9-7a28acb7cbc1,2025-06-26 17:45:27,2502,255100058447771,Special card,Cornell Card,Cornell,255100058447771,368176,TOM,FACULTY/STAFF,2025-06-26
2502,2025-06-26 17:45:50,42.447613,-76.476489,2025-06-26 17:45:52.597,21,1743,7,Bradfield Hall,1544,2025-06-26 17:45:29,93c9bcc2-538b-45fb-949b-b47dcb253c43,2025-06-26 17:45:29,2502,255100054630162,Special card,Cornell Card,Cornell,255100054630162,340297,TOM,STUDENT OMNI NEW,2025-06-26
2502,2025-06-26 17:45:50,42.447613,-76.476489,2025-06-26 17:45:52.597,21,1743,7,Bradfield Hall,1544,2025-06-26 17:45:33,f1108aa2-1d66-4016-b75c-3ddac8134768,2025-06-26 17:45:33,2502,255100041240301,Special card,Cornell Card,Cornell,255100041240301,349377,TOM,STUDENT OMNIRIDE,2025-06-26
2502,2025-06-26 17:46:54,42.447631,-76.480037,2025-06-26 17:46:56.813,21,1743,7,Kennedy Hall,1542,2025-06-26 17:46:27,c68e6949-0d98-4b31-aa61-e67601f9f384,2025-06-26 17:46:27,2502,255100051819641,Special card,Cornell Card,Cornell,255100051819641,376724,TOM,STUDENT OMNI NEW,2025-06-26
2502,2025-06-26 17:46:54,42.447631,-76.480037,2025-06-26 17:46:56.813,21,1743,7,Kennedy Hall,1542,2025-06-26 17:46:29,7ef3405d-271d-458f-abec-92d1fc304bf2,2025-06-26 17:46:29,2502,255100056370291,Special card,Cornell Card,Cornell,255100056370291,350668,TOM,STUDENT OMNI NEW,2025-06-26
2502,2025-06-26 17:46:54,42.447631,-76.480037,2025-06-26 17:46:56.813,21,1743,7,Kennedy Hall,1542,2025-06-26 17:46:33,0c062aa0-ca68-401e-9c84-c4eb80e05a30,2025-06-26 17:46:33,2502,255100057107872,Special card,Cornell Card,Cornell,255100057107872,376300,TOM,TEMP STAFF,2025-06-26
2502,2025-06-26 17:46:54,42.447631,-76.480037,2025-06-26 17:46:56.813,21,1743,7,Kennedy Hall,1542,2025-06-26 17:46:38,bc286988-a29b-498f-92b2-8386399438b7,2025-06-26 17:46:38,2502,255100057077971,Special card,Cornell Card,Cornell,255100057077971,376644,TOM,STUDENT OMNI NEW,2025-06-26
2502,2025-06-26 17:47:39,42.447593,-76.482593,2025-06-26 17:47:41.107,21,1743,7,Uris Hall Acros,1540,2025-06-26 17:47:25,8db51884-1c41-43d0-ba25-3f3bb8904ca3,2025-06-26 17:47:25,2502,255100058582181,Special card,Cornell Card,Cornell,255100058582181,374722,TOM,TEMP STAFF,2025-06-26
2502,2025-06-26 17:49:24,42.445147,-76.482916,2025-06-26 17:49:26.483,21,1743,7,Sage Hall,1534,2025-06-26 17:48:21,f7fe7d83-affe-401c-9264-9df70fa21bbb,2025-06-26 17:48:21,2502,255100056977821,Special card,Cornell Card,Cornell,255100056977821,358563,TOM,STUDENT OMNI NEW,2025-06-26
2502,2025-06-26 17:49:24,42.445147,-76.482916,2025-06-26 17:49:26.483,21,1743,7,Sage Hall,1534,2025-06-26 17:48:24,2ad8e54d-3902-487c-9319-07da1ac89fd6,2025-06-26 17:48:24,2502,255100056830211,Special card,Cornell Card,Cornell,255100056830211,369894,TOM,STUDENT OMNI NEW,2025-06-26
2502,2025-06-26 17:49:24,42.445147,-76.482916,2025-06-26 17:49:26.483,21,1743,7,Sage Hall,1534,2025-06-26 17:48:26,a133ddd3-c9e7-4835-9c8f-fc3415f2c4ee,2025-06-26 17:48:26,2502,255100055079721,Special card,Cornell Card,Cornell,255100055079721,350214,TOM,STUDENT OMNIRIDE,2025-06-26
2502,2025-06-26 17:49:24,42.445147,-76.482916,2025-06-26 17:49:26.483,21,1743,7,Sage Hall,1534,2025-06-26 17:48:28,06971a57-bb26-49cf-b682-81e39fe74f18,2025-06-26 17:48:28,2502,255100010118202,Special card,Cornell Card,Cornell,255100010118202,316101,TOM,FACULTY/STAFF,2025-06-26
2502,2025-06-26 18:50:23,42.440314,-76.510569,2025-06-26 18:50:25.703,21,1830,3,Buffalo @ Fulto,673,2025-06-26 18:49:35,71943caa-9608-4355-8885-0bde928abcfc,2025-06-26 18:49:35,2502,255100058582181,Special card,Cornell Card,Cornell,255100058582181,374722,TOM,TEMP STAFF,2025-06-26
2502,2025-06-26 19:08:08,42.438681,-76.496109,2025-06-26 19:08:10.110,51,1906,7,Green Commons,165,2025-06-26 19:01:38,3c783ae0-3853-4ea1-8e8b-ac6dbcd3f19e,2025-06-26 19:01:38,2502,255100056383831,Special card,Cornell Card,Cornell,255100056383831,379239,TOM,STUDENT OMNI NEW,2025-06-26
2502,2025-06-26 19:08:08,42.438681,-76.496109,2025-06-26 19:08:10.110,51,1906,7,Green Commons,165,2025-06-26 19:03:50,c919e780-a5a6-44a0-b41c-dc356d8d0147,2025-06-26 19:03:50,2502,255100054572922,Special card,Cornell Card,Cornell,255100054572922,375026,TOM,FACULTY/STAFF,2025-06-26
2502,2025-06-26 19:08:08,42.438681,-76.496109,2025-06-26 19:08:10.110,51,1906,7,Green Commons,165,2025-06-26 19:07:34,2b75c50e-e107-43bb-84ad-f8c3c865ba0c,2025-06-26 19:07:34,2502,255100058609971,Special card,Cornell Card,Cornell,255100058609971,374666,TOM,TEMP STAFF,2025-06-26
2502,2025-06-26 19:10:02,42.439235,-76.489821,2025-06-26 19:10:04.787,51,1906,7,State/MLK @ Ste,1701,2025-06-26 19:09:28,ff67456f-d4a1-486d-b717-3ade20351c1f,2025-06-26 19:09:28,2502,255100051529604,Special card,Cornell Card,Cornell,255100051529604,380235,TOM,STUDENT OMNI NEW,2025-06-26
2502,2025-06-26 19:16:19,42.447569,-76.481180,2025-06-26 19:16:21.623,51,1906,7,Uris Hall,1541,2025-06-26 19:15:35,0c8f784a-c4d4-4fbf-8c72-54eccc4330d2,2025-06-26 19:15:35,2502,255100058377523,Special card,Cornell Card,Cornell,255100058377523,380476,TOM,TEMP STAFF,2025-06-26
2502,2025-06-26 19:21:49,42.447529,-76.470245,2025-06-26 19:21:51.510,51,1906,7,Dairy Bar,1547,2025-06-26 19:22:29,71430ba0-70c6-418d-b3eb-8e80fbb51abd,2025-06-26 19:22:29,2502,255100058608751,Special card,Cornell Card,Cornell,255100058608751,374780,TOM,TEMP STAFF,2025-06-26
2502,2025-06-26 19:23:17,42.447347,-76.466878,2025-06-26 19:23:19.987,51,1906,7,Boyce Thomp,1553,2025-06-26 19:22:56,2ffdbffb-0c00-4a1b-8af2-74695a80118a,2025-06-26 19:22:56,2502,255100012770861,Special card,Cornell Card,Cornell,255100012770861,214452,TOM,FACULTY/STAFF,2025-06-26
2502,2025-06-26 19:51:07,42.447575,-76.472261,2025-06-26 19:51:09.677,51,1933,3,Dairy Bar Acros,1546,2025-06-26 19:50:46,d8e4ff4e-cc7e-4ebd-9abf-4f0c8585ac7b,2025-06-26 19:50:46,2502,255100053857521,Special card,Cornell Card,Cornell,255100053857521,334672,TOM,STUDENT OMNIRIDE,2025-06-26
2502,2025-06-26 19:52:06,42.447611,-76.476447,2025-06-26 19:52:07.930,51,1933,3,Bradfield Hall,1544,2025-06-26 19:51:46,e4c864d4-3672-4ce6-bf05-4d3bc42d28fc,2025-06-26 19:51:46,2502,255100056277031,Special card,Cornell Card,Cornell,255100056277031,379033,TOM,STUDENT OMNI NEW,2025-06-26
2502,2025-06-26 19:53:44,42.447595,-76.482589,2025-06-26 19:53:46.473,51,1933,3,Uris Hall Acros,1540,2025-06-26 19:53:29,bf413d00-2054-404c-b7a3-be75f5c6ed9a,2025-06-26 19:53:29,2502,255100058424471,Special card,Cornell Card,Cornell,255100058424471,368487,TOM,POST GRADUATE,2025-06-26
2502,2025-06-26 19:54:57,42.445135,-76.482832,2025-06-26 19:54:59.720,51,1933,3,Sage Hall,1534,2025-06-26 19:54:39,581b4806-fee1-41ea-82ed-a6eb97215b11,2025-06-26 19:54:39,2502,255100043940811,Special card,Cornell Card,Cornell,255100043940811,363206,TOM,FACULTY/STAFF,2025-06-26
1111,2025-06-26 08:32:02,42.453010,-76.504850,2025-06-26 08:32:03.887,17,833,3,Undefined,0,,cadf9cb6-3141-475c-8388-fdfa3240f627,,,,,,,,,,,2025-06-26
1111,2025-06-26 08:43:36,42.439009,-76.501745,2025-06-26 08:43:40.283,17,833,3,Albany at Salva,112,,05e06a1d-6de9-4fa5-902f-6a7727ce28d9,,,,,,,,,,,2025-06-26
1111,2025-06-26 09:21:21,42.482101,-76.489834,2025-06-26 09:21:24.203,30,920,3,Ithaca Mall,3588,,28fa1bb7-094d-4bdc-8a62-30fbd363cc81,,,,,,,,,,,2025-06-26
1111,2025-06-26 09:21:21,42.482101,-76.489834,2025-06-26 09:21:24.203,30,920,3,Ithaca Mall,3588,,195ec030-3216-4d27-bcb0-65bcda93032e,,,,,,,,,,,2025-06-26
1111,2025-06-26 10:00:29,42.438721,-76.496045,2025-06-26 10:00:31.743,30,1000,7,Green Commons,165,,46036101-792d-4443-9e9e-43a64c8c4575,,,,,,,,,,,2025-06-26
1111,2025-06-26 10:00:29,42.438721,-76.496045,2025-06-26 10:00:31.743,30,1000,7,Green Commons,165,,382048a6-0d1c-4bea-83ed-705b6d06f2dd,,,,,,,,,,,2025-06-26
1111,2025-06-26 10:00:29,42.438721,-76.496045,2025-06-26 10:00:31.743,30,1000,7,Green Commons,165,,ecae74d9-e2d6-4e0b-ae74-14fe8668f1ad,,,,,,,,,,,2025-06-26
1111,2025-06-26 10:04:12,42.437936,-76.487370,2025-06-26 10:04:15.543,30,1000,7,State/MLK @ Qua,1703,,e4a8f6fc-31b5-4cca-9069-390c7ee919f7,,,,,,,,,,,2025-06-26
1111,2025-06-26 10:04:12,42.437936,-76.487370,2025-06-26 10:04:15.543,30,1000,7,State/MLK @ Qua,1703,,807cb42c-80a8-4559-8aa0-6501c247e1d8,,,,,,,,,,,2025-06-26
1111,2025-06-26 10:22:00,42.479532,-76.482772,2025-06-26 10:22:02.953,30,1000,7,Triphammer Mark,3526,,5859bd68-eeda-4459-adc2-395a416575e3,,,,,,,,,,,2025-06-26
1111,2025-06-26 11:15:50,42.438749,-76.495981,2025-06-26 11:15:53.607,30,1115,7,Green Commons,165,,9eed8c8d-4057-4025-bc4c-f250cba7852d,,,,,,,,,,,2025-06-26
1111,2025-06-26 11:15:50,42.438749,-76.495981,2025-06-26 11:15:53.607,30,1115,7,Green Commons,165,,e51378c1-fdd6-429d-b06e-85a3ca48c2a5,,,,,,,,,,,2025-06-26
1111,2025-06-26 11:15:50,42.438749,-76.495981,2025-06-26 11:15:53.607,30,1115,7,Green Commons,165,,0c0d2abd-3e04-426f-8299-6755f8d1b40b,,,,,,,,,,,2025-06-26
1111,2025-06-26 11:15:50,42.438749,-76.495981,2025-06-26 11:15:53.607,30,1115,7,Green Commons,165,,eb4de521-b36c-4ff0-aa2e-61b3107da5d3,,,,,,,,,,,2025-06-26
1111,2025-06-26 11:39:07,42.484476,-76.486100,2025-06-26 11:39:11.957,30,1115,7,Cayuga Mall,3579,,166f4dbc-fec9-423f-9256-d0256a894f34,,,,,,,,,,,2025-06-26
1111,2025-06-26 11:50:58,42.482091,-76.489859,2025-06-26 11:51:01.733,30,1150,3,Ithaca Mall,3588,,475a8fcd-623a-487d-8625-5118be7fbe8e,,,,,,,,,,,2025-06-26
1111,2025-06-26 11:50:58,42.482091,-76.489859,2025-06-26 11:51:01.733,30,1150,3,Ithaca Mall,3588,,069e3cd1-54ca-4c3e-8f65-d9f6de10fe0c,,,,,,,,,,,2025-06-26
1111,2025-06-26 11:50:58,42.482091,-76.489859,2025-06-26 11:51:01.733,30,1150,3,Ithaca Mall,3588,,344aa7d0-33ec-4174-8388-30801e2b3da2,,,,,,,,,,,2025-06-26
1111,2025-06-26 12:06:27,42.445465,-76.483434,2025-06-26 12:06:32.537,30,1150,3,Sage Hall,1534,,d0542c2b-178f-41c6-9f6b-70f7870094bb,,,,,,,,,,,2025-06-26
1111,2025-06-26 12:30:58,42.438710,-76.496068,2025-06-26 12:31:03.750,30,1230,7,Green Commons,165,,a7f14a1e-8b47-40fb-a20a-5fa819890ccf,,,,,,,,,,,2025-06-26
1111,2025-06-26 12:30:58,42.438710,-76.496068,2025-06-26 12:31:03.750,30,1230,7,Green Commons,165,,4a5994ff-0d54-4d44-8675-98a6fd2ecc90,,,,,,,,,,,2025-06-26
1111,2025-06-26 13:08:05,42.482631,-76.485824,2025-06-26 13:08:11.157,30,1305,3,Tops Supermarke,3593,,06807bc9-37d2-4037-84a9-225b84d7986b,,,,,,,,,,,2025-06-26
1111,2025-06-26 13:08:05,42.482631,-76.485824,2025-06-26 13:08:11.157,30,1305,3,Tops Supermarke,3593,,5b55fba2-7ec6-4f9e-8af1-e77942622cb0,,,,,,,,,,,2025-06-26
1111,2025-06-26 13:46:01,42.438732,-76.495990,2025-06-26 13:46:06.260,30,1345,7,Green Commons,165,,33ce5cf9-e15b-4ef8-81e3-e7d6de71ad6b,,,,,,,,,,,2025-06-26
1111,2025-06-26 13:46:01,42.438732,-76.495990,2025-06-26 13:46:06.260,30,1345,7,Green Commons,165,,ca8a30bf-863f-4082-98a6-d72b10bc79cb,,,,,,,,,,,2025-06-26
1111,2025-06-26 13:46:01,42.438732,-76.495990,2025-06-26 13:46:06.260,30,1345,7,Green Commons,165,,58339fbd-9da3-4089-84cb-65c3219811bf,,,,,,,,,,,2025-06-26
1111,2025-06-26 13:46:01,42.438732,-76.495990,2025-06-26 13:46:06.260,30,1345,7,Green Commons,165,,1a43c5df-7d9e-4a2d-bf8d-81dca2314cb4,,,,,,,,,,,2025-06-26
1111,2025-06-26 13:46:01,42.438732,-76.495990,2025-06-26 13:46:06.260,30,1345,7,Green Commons,165,,7ad4a13c-58b4-4f2e-9746-d561dbd4d90e,,,,,,,,,,,2025-06-26
1111,2025-06-26 13:46:01,42.438732,-76.495990,2025-06-26 13:46:06.260,30,1345,7,Green Commons,165,,5cd016b5-2791-4eec-8472-55c3564ee522,,,,,,,,,,,2025-06-26
1111,2025-06-26 13:46:01,42.438732,-76.495990,2025-06-26 13:46:06.260,30,1345,7,Green Commons,165,,8e4dd9f5-d713-49a7-bb6f-e8f4c3977806,,,,,,,,,,,2025-06-26
1111,2025-06-26 13:46:01,42.438732,-76.495990,2025-06-26 13:46:06.260,30,1345,7,Green Commons,165,,6ec04d45-6893-4f20-aebd-908310528a2f,,,,,,,,,,,2025-06-26
1111,2025-06-26 13:46:01,42.438732,-76.495990,2025-06-26 13:46:06.260,30,1345,7,Green Commons,165,,88c14dfe-f994-4ac8-9b40-2ac8cc47bd13,,,,,,,,,,,2025-06-26
1111,2025-06-26 13:52:30,42.444978,-76.484108,2025-06-26 13:52:35.187,30,1345,7,Carpenter Hall,1531,,7b1db4cd-9a85-4acd-9c29-7cfc9587756d,,,,,,,,,,,2025-06-26
1111,2025-06-26 14:21:27,42.482118,-76.489798,2025-06-26 14:21:32.293,30,1420,3,Ithaca Mall,3588,,5e24475c-db39-4b56-981a-7b2d833437d4,,,,,,,,,,,2025-06-26
1111,2025-06-26 14:21:27,42.482118,-76.489798,2025-06-26 14:21:32.293,30,1420,3,Ithaca Mall,3588,,a09b1b77-5483-4af4-8ced-944a8e5ea50d,,,,,,,,,,,2025-06-26
1111,2025-06-26 15:02:23,42.438690,-76.495981,2025-06-26 15:02:27.693,30,1500,7,Green Commons,165,,17813586-d1d0-4915-9426-0c9d411dc62a,,,,,,,,,,,2025-06-26
1111,2025-06-26 15:02:23,42.438690,-76.495981,2025-06-26 15:02:27.693,30,1500,7,Green Commons,165,,f62383a2-9fa5-43c3-b958-dc174e9a899d,,,,,,,,,,,2025-06-26
1111,2025-06-26 15:02:23,42.438690,-76.495981,2025-06-26 15:02:27.693,30,1500,7,Green Commons,165,,15a23821-9efe-491d-b542-f68ec2ca255a,,,,,,,,,,,2025-06-26
1111,2025-06-26 15:02:23,42.438690,-76.495981,2025-06-26 15:02:27.693,30,1500,7,Green Commons,165,,abede6f7-7c56-40ff-bdf2-ff61a9f17269,,,,,,,,,,,2025-06-26
1111,2025-06-26 15:02:23,42.438690,-76.495981,2025-06-26 15:02:27.693,30,1500,7,Green Commons,165,,60303372-a9b0-4179-81e2-98eb691fa708,,,,,,,,,,,2025-06-26
1111,2025-06-26 15:44:50,42.455841,-76.480950,2025-06-26 15:44:56.143,30,1535,3,Jessup @ Tripha,1356,,bdc7def9-1e2d-4059-b04c-0ed34fe81ab6,,,,,,,,,,,2025-06-26
1111,2025-06-26 15:53:22,42.441666,-76.485338,2025-06-26 15:53:28.193,30,1535,3,Schwartz CPA,1716,,c7bc9c2a-d6ed-4c0d-a2d4-572144c62b43,,,,,,,,,,,2025-06-26
1111,2025-06-26 16:18:21,42.438692,-76.496042,2025-06-26 16:18:26.697,30,1615,7,Green Commons,165,,37cafbf9-da86-4144-a220-0c2ec29d9601,,,,,,,,,,,2025-06-26
1111,2025-06-26 16:18:21,42.438692,-76.496042,2025-06-26 16:18:26.697,30,1615,7,Green Commons,165,,a3761a3e-cc56-46e9-b48a-280580f4bed5,,,,,,,,,,,2025-06-26
1111,2025-06-26 16:18:21,42.438692,-76.496042,2025-06-26 16:18:26.697,30,1615,7,Green Commons,165,,63ea1acb-b607-4ec6-a6e0-3140ab948230,,,,,,,,,,,2025-06-26
1111,2025-06-26 16:18:21,42.438692,-76.496042,2025-06-26 16:18:26.697,30,1615,7,Green Commons,165,,63d6d9f4-a507-4012-82cb-7b442651864f,,,,,,,,,,,2025-06-26
1111,2025-06-26 16:18:21,42.438692,-76.496042,2025-06-26 16:18:26.697,30,1615,7,Green Commons,165,,0e307ca4-dc85-412f-ab0c-47d5b3fd5eef,,,,,,,,,,,2025-06-26
1111,2025-06-26 16:18:21,42.438692,-76.496042,2025-06-26 16:18:26.697,30,1615,7,Green Commons,165,,76019f6a-5296-4628-9f58-d97943778516,,,,,,,,,,,2025-06-26
1111,2025-06-26 16:51:13,42.482035,-76.489502,2025-06-26 16:51:17.780,30,1650,3,Ithaca Mall,3588,,6396045a-a0b1-4f5e-a0d2-181add8f4c20,,,,,,,,,,,2025-06-26
1111,2025-06-26 16:52:55,42.482594,-76.485805,2025-06-26 16:52:58.557,30,1650,3,Tops Supermarke,3593,,826fb92c-8433-45fe-8108-d3f365f48920,,,,,,,,,,,2025-06-26
1111,2025-06-26 16:52:55,42.482594,-76.485805,2025-06-26 16:52:58.557,30,1650,3,Tops Supermarke,3593,,f1caa6dd-b50b-4237-9a33-66af091b62a2,,,,,,,,,,,2025-06-26
1111,2025-06-26 17:30:43,42.438729,-76.495683,2025-06-26 17:30:47.727,30,1730,7,Green Commons,165,,48908479-2b96-4e7a-b1bd-88a50b61f40f,,,,,,,,,,,2025-06-26
1111,2025-06-26 17:30:43,42.438729,-76.495683,2025-06-26 17:30:47.727,30,1730,7,Green Commons,165,,652c763d-011b-4a58-a710-e041c97acf45,,,,,,,,,,,2025-06-26
1111,2025-06-26 17:44:59,42.456659,-76.479695,2025-06-26 17:45:05.557,30,1730,7,Jessup @ Tripha,1355,,7070d73a-a79e-466c-af94-f0e8b911ca80,,,,,,,,,,,2025-06-26
1111,2025-06-26 18:45:45,42.438680,-76.496095,2025-06-26 18:45:48.817,30,1845,7,Green Commons,165,,2369cbf5-79ae-4480-8e02-7b682fcf5944,,,,,,,,,,,2025-06-26
1111,2025-06-26 18:45:45,42.438680,-76.496095,2025-06-26 18:45:48.817,30,1845,7,Green Commons,165,,32c303cc-795f-41f8-b67e-2c4c0834b76e,,,,,,,,,,,2025-06-26
1111,2025-06-26 19:20:52,42.482041,-76.489506,2025-06-26 19:20:58.173,30,1920,3,Ithaca Mall,3588,,be01fb2b-968e-4b3c-ac20-d7e4ae745894,,,,,,,,,,,2025-06-26
1111,2025-06-26 19:52:59,42.438695,-76.495915,2025-06-26 19:53:03.497,30,1950,7,Green Commons,165,,89c0ac08-761e-41eb-ab40-ca309663f608,,,,,,,,,,,2025-06-26
1111,2025-06-26 19:52:59,42.438695,-76.495915,2025-06-26 19:53:03.497,30,1950,7,Green Commons,165,,925260af-aba9-4d68-a55b-2749ec1e4584,,,,,,,,,,,2025-06-26
1111,2025-06-26 19:52:59,42.438695,-76.495915,2025-06-26 19:53:03.497,30,1950,7,Green Commons,165,,41cac3bd-fd93-4ae0-be7e-d1297eeaa783,,,,,,,,,,,2025-06-26
1111,2025-06-26 19:52:59,42.438695,-76.495915,2025-06-26 19:53:03.497,30,1950,7,Green Commons,165,,33a8336c-f357-420b-8199-43fe13e08f18,,,,,,,,,,,2025-06-26
1111,2025-06-26 19:52:59,42.438695,-76.495915,2025-06-26 19:53:03.497,30,1950,7,Green Commons,165,,2e1be348-c84b-4e2b-86a9-0fc0ed961205,,,,,,,,,,,2025-06-26
1111,2025-06-26 19:52:59,42.438695,-76.495915,2025-06-26 19:53:03.497,30,1950,7,Green Commons,165,,7846dfea-2c42-4de6-9e63-6ff46b2823d0,,,,,,,,,,,2025-06-26
1111,2025-06-26 19:52:59,42.438695,-76.495915,2025-06-26 19:53:03.497,30,1950,7,Green Commons,165,,cca43f72-5f23-404f-a518-686609a148c4,,,,,,,,,,,2025-06-26
1111,2025-06-26 19:52:59,42.438695,-76.495915,2025-06-26 19:53:03.497,30,1950,7,Green Commons,165,,0f631f43-f073-4cab-985b-31f4dab2e61d,,,,,,,,,,,2025-06-26
1111,2025-06-26 19:52:59,42.438695,-76.495915,2025-06-26 19:53:03.497,30,1950,7,Green Commons,165,,a41e2cf4-e8c8-4646-8ce2-5f381adada72,,,,,,,,,,,2025-06-26
1111,2025-06-26 19:52:59,42.438695,-76.495915,2025-06-26 19:53:03.497,30,1950,7,Green Commons,165,,73e8f28f-a3cc-4569-9927-3835b85b5478,,,,,,,,,,,2025-06-26
1111,2025-06-26 19:52:59,42.438695,-76.495915,2025-06-26 19:53:03.497,30,1950,7,Green Commons,165,,badd2e65-913b-4060-9993-9c70c44d5bd8,,,,,,,,,,,2025-06-26
1111,2025-06-26 19:52:59,42.438695,-76.495915,2025-06-26 19:53:03.497,30,1950,7,Green Commons,165,,cb56557e-65d8-4820-b8e8-21b969ab37c6,,,,,,,,,,,2025-06-26
1111,2025-06-26 19:52:59,42.438695,-76.495915,2025-06-26 19:53:03.497,30,1950,7,Green Commons,165,,ff40c09b-8b2c-4415-a7c5-fc0b0bdcca0d,,,,,,,,,,,2025-06-26
1111,2025-06-26 21:00:28,42.438696,-76.496060,2025-06-26 21:00:33.027,32,2100,7,Green Commons,165,,34e4b8bc-0694-44dc-9748-141e7b26a7b8,,,,,,,,,,,2025-06-26
1111,2025-06-26 21:00:28,42.438696,-76.496060,2025-06-26 21:00:33.027,32,2100,7,Green Commons,165,,16e01fad-85e7-4b2c-9210-b01aee950d92,,,,,,,,,,,2025-06-26
1111,2025-06-26 21:35:24,42.489179,-76.464006,2025-06-26 21:35:27.943,32,2133,3,Airport,3785,,13b9fe0b-2ef7-45c0-beea-28124e8ff2e4,,,,,,,,,,,2025-06-26
1111,2025-06-26 22:18:58,42.438757,-76.495986,2025-06-26 22:19:02.843,32,2215,7,Green Commons,165,,6db8c244-11eb-43d3-bb1c-ab1e9989ed9d,,,,,,,,,,,2025-06-26
1112,2025-06-26 06:46:48,42.452520,-76.505591,2025-06-26 06:46:49.487,17,646,3,TCAT Office,998,,82f8f197-def9-4d87-8e71-e0dff38f10f8,,,,,,,,,,,2025-06-26
1112,2025-06-26 06:46:48,42.452520,-76.505591,2025-06-26 06:46:49.487,17,646,3,TCAT Office,998,,e1000e47-74b0-42d0-b069-cd78e30cb92c,,,,,,,,,,,2025-06-26
1112,2025-06-26 06:46:48,42.452520,-76.505591,2025-06-26 06:46:49.487,17,646,3,TCAT Office,998,,2e604474-7f14-4802-9ae0-0d9ac5f5d37b,,,,,,,,,,,2025-06-26
1112,2025-06-26 06:46:48,42.452520,-76.505591,2025-06-26 06:46:49.487,17,646,3,TCAT Office,998,,8af29287-9b72-4d6c-8cdb-c400a9086809,,,,,,,,,,,2025-06-26
1113,2025-06-26 19:39:22,42.428853,-76.512697,2025-06-26 20:38:19.123,15,1939,3,WalMart,549,,95df2d2e-d134-4b47-af5b-3a67814a9603,,,,,,,,,,,2025-06-26
1501,2025-06-26 07:19:48,42.538058,-76.500674,2025-06-26 07:19:49.180,37,718,3,Lansing Twn Hl,3137,,22bd3a88-9931-4c98-b20d-29c4bec3f1c5,,,,,,,,,,,2025-06-26
1501,2025-06-26 07:19:48,42.538058,-76.500674,2025-06-26 07:19:49.180,37,718,3,Lansing Twn Hl,3137,,c711f43c-b7d9-4c22-93de-30744687b36f,,,,,,,,,,,2025-06-26
1501,2025-06-26 08:13:54,42.438802,-76.495677,2025-06-26 08:13:58.140,43,813,7,Green Commons,165,,cca3cd6a-9e80-4434-bcc4-954f33017820,,,,,,,,,,,2025-06-26
1501,2025-06-26 08:13:54,42.438802,-76.495677,2025-06-26 08:13:58.140,43,813,7,Green Commons,165,,110df11d-5d55-4ef2-90b0-22914ed6cd51,,,,,,,,,,,2025-06-26
1501,2025-06-26 08:13:54,42.438802,-76.495677,2025-06-26 08:13:58.140,43,813,7,Green Commons,165,,53d5ad35-4553-4190-b775-84b98f703e15,,,,,,,,,,,2025-06-26
1501,2025-06-26 08:13:54,42.438802,-76.495677,2025-06-26 08:13:58.140,43,813,7,Green Commons,165,,886f32fd-af44-42d4-98c4-ddbda77b9a53,,,,,,,,,,,2025-06-26
1501,2025-06-26 08:26:55,42.446539,-76.482652,2025-06-26 08:27:00.710,43,813,7,Statler Hall,1533,,99e62c3e-11ff-4f47-9052-f456fee0ffe1,,,,,,,,,,,2025-06-26
1501,2025-06-26 08:26:55,42.446539,-76.482652,2025-06-26 08:27:00.710,43,813,7,Statler Hall,1533,,4b53a68d-9ec7-44f4-bc7a-743dc7cd5dd6,,,,,,,,,,,2025-06-26
1501,2025-06-26 08:57:23,42.503314,-76.290611,2025-06-26 08:57:26.433,43,854,3,TC3,4783,,de0d0e88-ec12-4f6a-8df0-4d098c7be779,,,,,,,,,,,2025-06-26
1501,2025-06-26 09:03:22,42.490539,-76.300687,2025-06-26 09:03:26.533,43,854,3,Dryden Vill Lib,4718,,f0e51472-0a13-4e87-8252-abb33a80a1c8,,,,,,,,,,,2025-06-26
1501,2025-06-26 09:04:10,42.490347,-76.304591,2025-06-26 09:04:14.200,43,854,3,Main @ Rocheste,4716,,79db904e-2c65-4469-9d7d-e89ec9abef26,,,,,,,,,,,2025-06-26
1501,2025-06-26 09:17:40,42.453894,-76.441831,2025-06-26 09:17:42.910,43,854,3,Varna,4512,,d80480a6-473f-482b-8847-006d08c08445,,,,,,,,,,,2025-06-26
1501,2025-06-26 09:17:40,42.453894,-76.441831,2025-06-26 09:17:42.910,43,854,3,Varna,4512,,bec30000-d605-479a-9f41-7e2c73dabad3,,,,,,,,,,,2025-06-26
1501,2025-06-26 09:35:00,42.440498,-76.497629,2025-06-26 09:35:05.507,17,929,7,Seneca Commons,100,,1436a1ef-fb7d-4210-bd62-2cb5514f897b,,,,,,,,,,,2025-06-26
1501,2025-06-26 10:34:22,42.437137,-76.462813,2025-06-26 10:34:25.380,82,1030,4,E Hill Plaza,1774,,6f0a481f-5e79-48c6-91e4-f80646550793,,,,,,,,,,,2025-06-26
1501,2025-06-26 10:34:22,42.437137,-76.462813,2025-06-26 10:34:25.380,82,1030,4,E Hill Plaza,1774,,a864563a-bac8-4912-a49e-a397378aaa41,,,,,,,,,,,2025-06-26
1501,2025-06-26 10:34:22,42.437137,-76.462813,2025-06-26 10:34:25.380,82,1030,4,E Hill Plaza,1774,,903d1207-323c-4a8f-af58-27ca40821b77,,,,,,,,,,,2025-06-26
1501,2025-06-26 11:00:51,42.437135,-76.462672,2025-06-26 11:00:53.547,82,1100,4,E Hill Plaza,1774,,8d41d8ce-f884-45ac-993b-dfbd52c0dce8,,,,,,,,,,,2025-06-26
1501,2025-06-26 11:30:32,42.437116,-76.462596,2025-06-26 11:30:37.927,82,1130,4,E Hill Plaza,1774,,d31878af-b76e-4581-a4ad-009a2bc51eda,,,,,,,,,,,2025-06-26
1501,2025-06-26 12:00:28,42.437113,-76.462499,2025-06-26 12:00:32.933,82,1200,4,E Hill Plaza,1774,,7a65ad03-eb55-4865-873d-6ee375a236fd,,,,,,,,,,,2025-06-26
1501,2025-06-26 12:30:22,42.437088,-76.462839,2025-06-26 12:30:27.250,82,1230,4,E Hill Plaza,1774,,990689b4-6863-43e4-9e7b-65fb5e876c8f,,,,,,,,,,,2025-06-26
1501,2025-06-26 13:00:25,42.437153,-76.462833,2025-06-26 13:00:30.377,82,1300,4,E Hill Plaza,1774,,fe56f66a-9b58-4d6c-9c73-cc11ff08f094,,,,,,,,,,,2025-06-26
1501,2025-06-26 13:00:25,42.437153,-76.462833,2025-06-26 13:00:30.377,82,1300,4,E Hill Plaza,1774,,3fbac6ff-f69f-4b2c-baa3-d93e300e6ef4,,,,,,,,,,,2025-06-26
1501,2025-06-26 13:03:02,42.439536,-76.465933,2025-06-26 13:03:07.627,82,1300,4,CISER,1770,,81c34f61-9711-4d3e-b2de-b0c9765ba657,,,,,,,,,,,2025-06-26
1501,2025-06-26 14:00:37,42.437140,-76.462119,2025-06-26 14:00:41.837,82,1400,4,E Hill Plaza,1774,,ccd101c3-ccfe-4f16-9dd7-4c8ab701f315,,,,,,,,,,,2025-06-26
1501,2025-06-26 14:14:39,42.446975,-76.482579,2025-06-26 14:14:43.090,82,1400,4,Uris Hall Acros,1540,,aa6974fd-65cd-4fdf-b19d-469b27256c65,,,,,,,,,,,2025-06-26
1501,2025-06-26 14:16:46,42.445011,-76.481855,2025-06-26 14:16:52.127,82,1400,4,Sage Hall,1534,,ff5dfd5c-6921-4fe1-bc77-f5569c70488a,,,,,,,,,,,2025-06-26
1501,2025-06-26 14:16:46,42.445011,-76.481855,2025-06-26 14:16:52.127,82,1400,4,Sage Hall,1534,,8770ec25-90f6-4e99-bbe0-990892e5d6e6,,,,,,,,,,,2025-06-26
1501,2025-06-26 14:35:21,42.441200,-76.476360,2025-06-26 14:35:27.087,82,1430,4,Maplewood Apts,1754,,50539b5f-1a40-4c64-b62a-0075d3f45367,,,,,,,,,,,2025-06-26
1501,2025-06-26 15:02:12,42.437051,-76.462339,2025-06-26 15:02:17.780,82,1500,4,E Hill Plaza,1774,,aca14ecf-9e97-44cc-a412-d0186103ab3a,,,,,,,,,,,2025-06-26
1501,2025-06-26 15:35:46,42.437104,-76.462673,2025-06-26 15:35:51.620,82,1530,4,E Hill Plaza,1774,,242f104b-5667-4d20-aec5-a04c5511bb2b,,,,,,,,,,,2025-06-26
1501,2025-06-26 15:35:46,42.437104,-76.462673,2025-06-26 15:35:51.620,82,1530,4,E Hill Plaza,1774,,615d7729-a6e7-47ee-87ad-e4d09528a38d,,,,,,,,,,,2025-06-26
1501,2025-06-26 16:03:27,42.437156,-76.462041,2025-06-26 16:03:31.847,82,1600,4,E Hill Plaza,1774,,85acabc3-c5f9-4607-9e0f-fbbd270a9c0d,,,,,,,,,,,2025-06-26
1501,2025-06-26 16:03:27,42.437156,-76.462041,2025-06-26 16:03:31.847,82,1600,4,E Hill Plaza,1774,,e3c8b017-7387-4de8-87c4-fd43c10d8ff3,,,,,,,,,,,2025-06-26
1501,2025-06-26 16:11:24,42.447430,-76.467226,2025-06-26 16:11:29.990,82,1600,4,Vet School,1555,,51547870-7326-4029-b8f5-eaef16873461,,,,,,,,,,,2025-06-26
1501,2025-06-26 16:38:17,42.447334,-76.467312,2025-06-26 16:38:20.500,21,1638,7,Vet School,1555,,a5c7388c-2a85-4678-9842-8208dafd54fc,,,,,,,,,,,2025-06-26
1501,2025-06-26 16:45:49,42.445486,-76.483277,2025-06-26 16:45:52.473,21,1638,7,Sage Hall,1534,,15310ee0-160f-47f2-9996-f3020891f3fb,,,,,,,,,,,2025-06-26
1501,2025-06-26 16:57:39,42.440457,-76.497581,2025-06-26 16:57:43.733,21,1638,7,Seneca Commons,100,,8c0db16a-4323-4b2c-809c-63ff59a351c8,,,,,,,,,,,2025-06-26
1501,2025-06-26 16:57:39,42.440457,-76.497581,2025-06-26 16:57:43.733,21,1638,7,Seneca Commons,100,,e7067cc5-6a14-4774-b8e4-36a700b444a6,,,,,,,,,,,2025-06-26
1501,2025-06-26 17:04:03,42.441032,-76.514394,2025-06-26 17:04:07.543,21,1638,7,Buffalo @ Taugh,676,,6e50b74a-4e3f-45c7-b2ce-0fd0a90e04c3,,,,,,,,,,,2025-06-26
1502,2025-06-26 06:41:27,42.437678,-76.484127,2025-06-26 06:41:27.600,43,637,7,Mitchell @ Coll,1713,,06b3b20d-0d35-470a-9f5c-4557ed91f5a4,,,,,,,,,,,2025-06-26
1502,2025-06-26 06:41:27,42.437678,-76.484127,2025-06-26 06:41:27.600,43,637,7,Mitchell @ Coll,1713,,eb55bfe2-518d-4b09-a779-071cc909fdba,,,,,,,,,,,2025-06-26
1502,2025-06-26 07:00:23,42.498847,-76.298077,2025-06-26 07:00:26.657,43,637,7,North @ Lee,4751,,b98de438-34bb-4f7c-831c-f88db4973591,,,,,,,,,,,2025-06-26
1502,2025-06-26 07:09:19,42.494079,-76.297937,2025-06-26 07:09:22.470,43,705,3,43 North St - V,4750,,fa5a57ac-3f25-49cd-8b7a-b6c5eb9c1510,,,,,,,,,,,2025-06-26
1502,2025-06-26 07:21:39,42.459969,-76.428427,2025-06-26 07:21:41.650,43,705,3,Dryden Rd @ Tur,4522,,fd66e67b-b9d0-4227-9648-48f7a3037cd5,,,,,,,,,,,2025-06-26
1502,2025-06-26 07:23:40,42.453884,-76.441785,2025-06-26 07:23:45.190,43,705,3,Varna,4512,,6b4e56a9-852e-4148-a658-ac433b6589c4,,,,,,,,,,,2025-06-26
1502,2025-06-26 07:51:44,42.438730,-76.496062,2025-06-26 07:51:50.540,30,750,7,Green Commons,165,,2614178a-1f77-4fa1-b76e-78822c81662a,,,,,,,,,,,2025-06-26
1502,2025-06-26 07:51:44,42.438730,-76.496062,2025-06-26 07:51:50.540,30,750,7,Green Commons,165,,6e07d10b-78fe-4046-a4eb-b030ea690865,,,,,,,,,,,2025-06-26
1502,2025-06-26 07:51:44,42.438730,-76.496062,2025-06-26 07:51:50.540,30,750,7,Green Commons,165,,e8adaffa-33ce-47b5-93e8-79de65c182d0,,,,,,,,,,,2025-06-26
1502,2025-06-26 07:51:44,42.438730,-76.496062,2025-06-26 07:51:50.540,30,750,7,Green Commons,165,,989e4ccf-1948-4ee5-8a07-5360704561c8,,,,,,,,,,,2025-06-26
1802,2025-06-26 06:40:59,42.452601,-76.505414,2025-06-26 06:41:02.917,51,630,7,Undefined,0,,cff0674e-d1e1-4fd1-b985-f41cac127894,,,,,,,,,,,2025-06-26
1802,2025-06-26 09:31:14,42.438887,-76.501733,2025-06-26 09:31:15.400,51,859,3,Albany at Salva,112,,af2f11f2-d412-496d-8f23-e81203f5de6a,,,,,,,,,,,2025-06-26
1803,2025-06-26 06:18:25,42.438723,-76.495964,2025-06-26 06:18:27.197,21,615,7,Green Commons,165,,e4ab44a1-1a2f-4b17-915a-1df1fba7928f,,,,,,,,,,,2025-06-26
1803,2025-06-26 06:18:25,42.438723,-76.495964,2025-06-26 06:18:27.197,21,615,7,Green Commons,165,,a9a520ae-fcf2-4941-baa5-754b1067ee6a,,,,,,,,,,,2025-06-26
1803,2025-06-26 06:39:34,42.537194,-76.648863,2025-06-26 06:39:35.030,21,615,7,E Main @ Cemete,2615,,f45519d0-2e48-41b3-bf11-bc95d1a4a9e4,,,,,,,,,,,2025-06-26
1803,2025-06-26 06:39:34,42.537194,-76.648863,2025-06-26 06:39:35.030,21,615,7,E Main @ Cemete,2615,,8cadb0e8-3e9d-4d62-b81f-967fa96d493e,,,,,,,,,,,2025-06-26
1803,2025-06-26 06:41:37,42.541295,-76.659478,2025-06-26 06:41:38.543,21,615,7,Main @ South (T,2623,,6a0f53cb-75b3-4f95-aa8b-a51f2595968a,,,,,,,,,,,2025-06-26
1803,2025-06-26 06:47:43,42.547209,-76.675785,2025-06-26 06:47:45.530,21,647,3,Compass MHC,2671,,c22e078f-af77-40e9-a9ca-cbfda115020a,,,,,,,,,,,2025-06-26
1803,2025-06-26 06:54:14,42.538921,-76.652371,2025-06-26 06:54:17.097,21,647,3,TBurg School,2620,,8918dc0d-f752-45b7-bf23-f5f7083f2733,,,,,,,,,,,2025-06-26
1807,2025-06-26 08:39:03,42.447527,-76.470207,2025-06-26 08:39:08.297,81,838,6,Dairy Bar,1547,,45916b12-2515-4884-8bf9-8b7644ebd884,,,,,,,,,,,2025-06-26
1808,2025-06-26 08:25:21,42.451724,-76.505023,2025-06-26 08:25:23.947,17,818,3,Guthrie Cty Har,996,,ab7f3bb2-9384-40db-be27-c6114156c99b,,,,,,,,,,,2025-06-26
1808,2025-06-26 08:29:49,42.451412,-76.502193,2025-06-26 08:29:53.493,17,818,3,Dey @ Lincoln,918,,e598889f-9254-45dc-8362-4fd3e3c956d0,,,,,,,,,,,2025-06-26
1808,2025-06-26 09:10:24,42.478453,-76.482430,2025-06-26 09:10:33.147,30,905,3,Lansing West Ap,3525,,55a7d7f3-e4c5-4b2b-9a96-666d6a961040,,,,,,,,,,,2025-06-26
1808,2025-06-26 09:47:25,42.439035,-76.495996,2025-06-26 09:47:34.457,30,945,7,Green Commons,165,,099c70c8-db07-4f88-be6b-1a3a00594466,,,,,,,,,,,2025-06-26
1808,2025-06-26 09:47:25,42.439035,-76.495996,2025-06-26 09:47:34.457,30,945,7,Green Commons,165,,c51a86cf-0b86-48de-9d14-baa8c7eaac8f,,,,,,,,,,,2025-06-26
1808,2025-06-26 10:10:48,42.485334,-76.489006,2025-06-26 10:11:03.777,30,945,7,Graham@Butler,3587,,e07555a8-0334-4e3c-bc51-f2d9d2f00733,,,,,,,,,,,2025-06-26
1808,2025-06-26 10:22:35,42.482169,-76.489300,2025-06-26 10:22:49.770,30,1020,3,Ithaca Mall,3588,,44421d8a-1564-405a-8d0e-e698cd45304d,,,,,,,,,,,2025-06-26
1808,2025-06-26 11:01:07,42.438756,-76.496017,2025-06-26 11:01:21.020,30,1100,7,Green Commons,165,,aa9020e9-b721-487a-b3f7-698e7c7a3d4d,,,,,,,,,,,2025-06-26
1808,2025-06-26 11:01:07,42.438756,-76.496017,2025-06-26 11:01:21.020,30,1100,7,Green Commons,165,,ca482282-1760-4564-a799-6422390239a1,,,,,,,,,,,2025-06-26
1808,2025-06-26 11:01:07,42.438756,-76.496017,2025-06-26 11:01:21.020,30,1100,7,Green Commons,165,,5d046240-baa4-441f-bebd-b9707392562c,,,,,,,,,,,2025-06-26
1808,2025-06-26 11:01:07,42.438756,-76.496017,2025-06-26 11:01:21.020,30,1100,7,Green Commons,165,,826c1d19-b0b6-444f-8957-e892e0397dfa,,,,,,,,,,,2025-06-26
1808,2025-06-26 11:35:41,42.482145,-76.489250,2025-06-26 11:35:47.367,30,1135,3,Ithaca Mall,3588,,23f054a0-555f-403f-841e-cd05b8e47623,,,,,,,,,,,2025-06-26
1808,2025-06-26 11:35:41,42.482145,-76.489250,2025-06-26 11:35:47.367,30,1135,3,Ithaca Mall,3588,,e9e9ed9e-8b88-4fe5-a702-5bf94e821cb0,,,,,,,,,,,2025-06-26
1808,2025-06-26 12:16:58,42.438674,-76.496175,2025-06-26 12:17:02.400,30,1215,7,Green Commons,165,,91b6991d-a3be-48a8-ad00-8000e5c70602,,,,,,,,,,,2025-06-26
1808,2025-06-26 12:16:58,42.438674,-76.496175,2025-06-26 12:17:02.400,30,1215,7,Green Commons,165,,946bee91-9b16-4fd7-aa36-212b23d9be64,,,,,,,,,,,2025-06-26
1808,2025-06-26 13:30:53,42.438860,-76.496005,2025-06-26 13:31:09.907,30,1330,7,Green Commons,165,,ee0c0f70-15d1-4ab4-a83a-c6ae0b741f6d,,,,,,,,,,,2025-06-26
1808,2025-06-26 13:30:53,42.438860,-76.496005,2025-06-26 13:31:09.907,30,1330,7,Green Commons,165,,b69f449b-ab6f-43fe-993b-f83bc0f0cc70,,,,,,,,,,,2025-06-26
1808,2025-06-26 13:30:53,42.438860,-76.496005,2025-06-26 13:31:09.907,30,1330,7,Green Commons,165,,6c039a8b-f652-44c2-86e6-45441c0b36b9,,,,,,,,,,,2025-06-26
1808,2025-06-26 13:30:53,42.438860,-76.496005,2025-06-26 13:31:09.907,30,1330,7,Green Commons,165,,a17fdad2-73d6-436d-b443-9d6184fb6af4,,,,,,,,,,,2025-06-26
1808,2025-06-26 14:11:20,42.482577,-76.485856,2025-06-26 14:11:36.183,30,1405,3,Tops Supermarke,3593,,6788856c-219a-4c08-b0a7-586741080445,,,,,,,,,,,2025-06-26
1808,2025-06-26 14:11:20,42.482577,-76.485856,2025-06-26 14:11:36.183,30,1405,3,Tops Supermarke,3593,,19e059a3-00f6-42e0-beca-ad8704612598,,,,,,,,,,,2025-06-26
1808,2025-06-26 14:11:20,42.482577,-76.485856,2025-06-26 14:11:36.183,30,1405,3,Tops Supermarke,3593,,1d41de46-b7ac-43bf-b9f0-f718d62b8232,,,,,,,,,,,2025-06-26
1808,2025-06-26 14:11:20,42.482577,-76.485856,2025-06-26 14:11:36.183,30,1405,3,Tops Supermarke,3593,,2919cee9-461d-4ebc-9403-77c756fe8ce5,,,,,,,,,,,2025-06-26
1808,2025-06-26 14:23:56,42.455830,-76.481144,2025-06-26 14:24:02.690,30,1405,3,Jessup @ Tripha,1356,,968f31ac-1e6b-4617-87b8-4d1d99466b36,,,,,,,,,,,2025-06-26
1808,2025-06-26 14:44:32,42.439069,-76.501718,2025-06-26 14:44:39.160,30,1405,3,Albany at Salva,112,,875fb3ae-8b53-44a6-8156-41c05c88080e,,,,,,,,,,,2025-06-26
1808,2025-06-26 14:44:32,42.439069,-76.501718,2025-06-26 14:44:39.160,30,1405,3,Albany at Salva,112,,e3fe4f60-24f1-42f1-868d-4143b9a0f6fc,,,,,,,,,,,2025-06-26
1808,2025-06-26 15:22:00,42.482237,-76.489217,2025-06-26 15:22:05.683,30,1520,3,Ithaca Mall,3588,,46063547-dbca-49f9-ab65-b7b60e77853d,,,,,,,,,,,2025-06-26
1808,2025-06-26 16:02:12,42.438602,-76.496183,2025-06-26 16:02:16.447,30,1600,7,Green Commons,165,,98fd03cb-98e9-4627-b150-f96d2bf81ebe,,,,,,,,,,,2025-06-26
1808,2025-06-26 16:07:04,42.438576,-76.485244,2025-06-26 16:07:09.430,30,1600,7,College @ Mitch,1711,,6ba86f7f-2b3c-42dc-8fdd-24e043ddeacc,,,,,,,,,,,2025-06-26
1808,2025-06-26 16:13:36,42.446432,-76.482730,2025-06-26 16:13:43.270,30,1600,7,Statler Hall,1533,,49ec261f-98bf-4d6c-ac74-2bb1ddc7c2d8,,,,,,,,,,,2025-06-26
1808,2025-06-26 16:13:36,42.446432,-76.482730,2025-06-26 16:13:43.270,30,1600,7,Statler Hall,1533,,019f69af-8f6d-4a5a-8be1-89f8429fae1b,,,,,,,,,,,2025-06-26
1808,2025-06-26 16:13:36,42.446432,-76.482730,2025-06-26 16:13:43.270,30,1600,7,Statler Hall,1533,,a0a64cef-a6cb-4a87-8411-2b575c613619,,,,,,,,,,,2025-06-26
1808,2025-06-26 16:13:36,42.446432,-76.482730,2025-06-26 16:13:43.270,30,1600,7,Statler Hall,1533,,d990ca58-b3de-4756-8796-bd51912f98ad,,,,,,,,,,,2025-06-26
1808,2025-06-26 16:38:11,42.482139,-76.489323,2025-06-26 16:38:16.033,30,1635,3,Ithaca Mall,3588,,a5fdf66d-84ef-46cd-b0c5-b7f1fa64d7e7,,,,,,,,,,,2025-06-26
1808,2025-06-26 16:41:50,42.476043,-76.482032,2025-06-26 16:41:56.517,30,1635,3,Triphammer at K,3522,,c91a8a2f-dc56-4e3f-8b4e-5c9b1956f52e,,,,,,,,,,,2025-06-26
1808,2025-06-26 16:46:42,42.456736,-76.477550,2025-06-26 16:46:48.013,30,1635,3,RPCC,1344,,d8970609-b39c-4778-987b-3f695ee1ef22,,,,,,,,,,,2025-06-26
1808,2025-06-26 16:46:42,42.456736,-76.477550,2025-06-26 16:46:48.013,30,1635,3,RPCC,1344,,84f10e80-d9e5-4178-ad03-cc918700986d,,,,,,,,,,,2025-06-26
1808,2025-06-26 16:46:42,42.456736,-76.477550,2025-06-26 16:46:48.013,30,1635,3,RPCC,1344,,4d0ad85e-8456-4498-9bbd-6b5361ed5b98,,,,,,,,,,,2025-06-26
1808,2025-06-26 17:18:42,42.438741,-76.495966,2025-06-26 17:18:48.263,30,1715,7,Green Commons,165,,82e6f50b-e863-4d0c-9246-ceca2c992d33,,,,,,,,,,,2025-06-26
1808,2025-06-26 17:29:14,42.446410,-76.482799,2025-06-26 17:29:19.723,30,1715,7,Statler Hall,1533,,69563d4b-b48e-446b-a336-1f32736cf546,,,,,,,,,,,2025-06-26
1808,2025-06-26 17:29:14,42.446410,-76.482799,2025-06-26 17:29:19.723,30,1715,7,Statler Hall,1533,,b26581a5-b420-4988-96bb-61ca33567fa4,,,,,,,,,,,2025-06-26
1808,2025-06-26 17:29:14,42.446410,-76.482799,2025-06-26 17:29:19.723,30,1715,7,Statler Hall,1533,,f173bb6c-9b86-48d4-9bbe-67389c0e43b5,,,,,,,,,,,2025-06-26
1808,2025-06-26 17:52:27,42.482237,-76.489489,2025-06-26 17:52:31.357,30,1750,3,Ithaca Mall,3588,,cf4710ca-da37-4bc3-8462-514d41360cad,,,,,,,,,,,2025-06-26
1808,2025-06-26 17:56:07,42.478475,-76.482232,2025-06-26 17:56:10.737,30,1750,3,Lansing West Ap,3525,,48864a78-a274-446a-823e-012214091c93,,,,,,,,,,,2025-06-26
1808,2025-06-26 18:33:58,42.438741,-76.496036,2025-06-26 18:34:03.653,30,1830,7,Green Commons,165,,9b02ef7d-3d27-4d15-bc1e-a08c58e7b938,,,,,,,,,,,2025-06-26
1808,2025-06-26 18:33:58,42.438741,-76.496036,2025-06-26 18:34:03.653,30,1830,7,Green Commons,165,,7a26977d-9970-4dde-95d3-f490778e30ca,,,,,,,,,,,2025-06-26
1808,2025-06-26 18:33:58,42.438741,-76.496036,2025-06-26 18:34:03.653,30,1830,7,Green Commons,165,,0070e44f-00fb-45d4-b7f2-4c14faf81126,,,,,,,,,,,2025-06-26
1808,2025-06-26 19:07:16,42.482128,-76.489258,2025-06-26 19:07:21.897,30,1905,3,Ithaca Mall,3588,,afa25662-18b3-4e67-960b-8bb2f39ac43c,,,,,,,,,,,2025-06-26
1808,2025-06-26 20:19:37,42.438791,-76.496041,2025-06-26 20:19:41.413,90,2015,7,Green Commons,165,,4b51d252-59cc-409d-ae2b-8955a4884f0a,,,,,,,,,,,2025-06-26
1808,2025-06-26 20:19:37,42.438791,-76.496041,2025-06-26 20:19:41.413,90,2015,7,Green Commons,165,,4861d6fe-f01a-47f2-abf9-6f41093d53f1,,,,,,,,,,,2025-06-26
1808,2025-06-26 20:19:37,42.438791,-76.496041,2025-06-26 20:19:41.413,90,2015,7,Green Commons,165,,1ff4e452-2360-4dbb-85b1-09561786f00c,,,,,,,,,,,2025-06-26
1808,2025-06-26 20:19:37,42.438791,-76.496041,2025-06-26 20:19:41.413,90,2015,7,Green Commons,165,,48ddce7a-4b68-4324-89dd-9ab7812de7e0,,,,,,,,,,,2025-06-26
1808,2025-06-26 20:19:37,42.438791,-76.496041,2025-06-26 20:19:41.413,90,2015,7,Green Commons,165,,0334717a-17e1-44a5-814d-ee66a7cdc1ff,,,,,,,,,,,2025-06-26
1808,2025-06-26 20:55:25,42.438952,-76.496081,2025-06-26 20:55:31.360,90,2055,7,Green Commons,165,,31d8587d-6744-45a2-a575-ccd50577c988,,,,,,,,,,,2025-06-26
1808,2025-06-26 20:55:25,42.438952,-76.496081,2025-06-26 20:55:31.360,90,2055,7,Green Commons,165,,8debb591-7ead-4870-8c9c-14ef48392e39,,,,,,,,,,,2025-06-26
1808,2025-06-26 20:55:25,42.438952,-76.496081,2025-06-26 20:55:31.360,90,2055,7,Green Commons,165,,708042ab-5d2e-4196-b983-b8b518db6311,,,,,,,,,,,2025-06-26
1808,2025-06-26 21:56:59,42.441865,-76.485362,2025-06-26 21:57:04.527,90,2147,3,Schwartz CPA,1716,,ffc12425-0063-4a1a-a612-136cfb5d19a1,,,,,,,,,,,2025-06-26
1808,2025-06-26 22:55:25,42.438813,-76.496026,2025-06-26 22:55:29.580,90,2255,7,Green Commons,165,,43e9ee4a-0902-40df-a1da-b8bdaff5e9be,,,,,,,,,,,2025-06-26
1808,2025-06-26 22:55:25,42.438813,-76.496026,2025-06-26 22:55:29.580,90,2255,7,Green Commons,165,,07bbd2f7-aaed-42d9-8505-7268a1939eea,,,,,,,,,,,2025-06-26
1808,2025-06-26 22:55:25,42.438813,-76.496026,2025-06-26 22:55:29.580,90,2255,7,Green Commons,165,,4e062b59-e6e3-481f-a871-a3d794f11290,,,,,,,,,,,2025-06-26
1808,2025-06-26 22:55:25,42.438813,-76.496026,2025-06-26 22:55:29.580,90,2255,7,Green Commons,165,,5a067a9a-c1a6-4151-a4a0-97b95d69e7a2,,,,,,,,,,,2025-06-26
1808,2025-06-26 23:35:17,42.438919,-76.496003,2025-06-26 23:35:23.787,90,2335,7,Green Commons,165,,30b870ac-9457-4fc5-8567-8f3204843621,,,,,,,,,,,2025-06-26
1808,2025-06-26 23:35:17,42.438919,-76.496003,2025-06-26 23:35:23.787,90,2335,7,Green Commons,165,,010d154a-323f-4a2a-b031-773048e47268,,,,,,,,,,,2025-06-26
1808,2025-06-26 23:35:17,42.438919,-76.496003,2025-06-26 23:35:23.787,90,2335,7,Green Commons,165,,06d4357b-be17-4da8-93e6-37426c9e8fc7,,,,,,,,,,,2025-06-26
1808,2025-06-26 23:56:27,42.441806,-76.485340,2025-06-26 23:56:32.930,90,2347,3,Schwartz CPA,1716,,6d03741a-7797-4b7a-b987-da56d2479653,,,,,,,,,,,2025-06-26
1808,2025-06-26 23:56:27,42.441806,-76.485340,2025-06-26 23:56:32.930,90,2347,3,Schwartz CPA,1716,,ad0da9ce-4bb1-4cc6-80c8-7769b11d5fce,,,,,,,,,,,2025-06-26
1808,2025-06-27 00:02:12,42.440426,-76.497529,2025-06-27 00:02:17.787,17,2,7,Seneca Commons,100,,4d9f1ede-85c4-456b-8f40-23faa1cafceb,,,,,,,,,,,2025-06-27
1901,2025-06-26 14:23:58,42.438747,-76.496034,2025-06-26 14:24:02.563,43,1423,7,Green Commons,165,,3cda2b18-f85f-40b9-8ffb-faa8d1f9778c,,,,,,,,,,,2025-06-26
1901,2025-06-26 15:52:25,42.490486,-76.300402,2025-06-26 15:52:29.823,43,1523,3,Dryden Vill Lib,4718,,74927f1f-6eca-4055-8807-07435462aada,,,,,,,,,,,2025-06-26
1901,2025-06-26 15:58:33,42.480567,-76.374558,2025-06-26 15:58:39.273,43,1523,3,Dryden @ Kirk,4544,,f9e7278e-596d-41d0-8f0f-adab7b34f6e4,,,,,,,,,,,2025-06-26
1901,2025-06-26 16:37:11,42.438735,-76.496058,2025-06-26 16:37:14.610,52,1636,7,Green Commons,165,,54380d0c-20ac-4fc6-ac74-3271c7137413,,,,,,,,,,,2025-06-26
1901,2025-06-26 16:37:11,42.438735,-76.496058,2025-06-26 16:37:14.610,52,1636,7,Green Commons,165,,870998a9-fe34-4f0e-b0fd-899220f95f34,,,,,,,,,,,2025-06-26
1901,2025-06-26 18:01:32,42.438642,-76.496122,2025-06-26 18:01:36.593,30,1800,7,Green Commons,165,,69a63ec5-4b73-45ec-a61c-77cd8f3c0804,,,,,,,,,,,2025-06-26
1901,2025-06-26 18:35:37,42.482134,-76.489303,2025-06-26 18:35:41.570,30,1835,3,Ithaca Mall,3588,,889ab8a8-1e85-4159-af08-626c227fba8e,,,,,,,,,,,2025-06-26
1901,2025-06-26 18:35:37,42.482134,-76.489303,2025-06-26 18:35:41.570,30,1835,3,Ithaca Mall,3588,,aedb6b1a-9911-4444-9ebc-61dec3432a1c,,,,,,,,,,,2025-06-26
1901,2025-06-26 19:13:49,42.438668,-76.496061,2025-06-26 19:13:52.200,43,1913,7,Green Commons,165,,c298d4d0-5abf-489f-9169-f663330c6b24,,,,,,,,,,,2025-06-26
1901,2025-06-26 19:13:49,42.438668,-76.496061,2025-06-26 19:13:52.200,43,1913,7,Green Commons,165,,fef8a84d-3895-4127-ba51-fb88f16059fb,,,,,,,,,,,2025-06-26
1901,2025-06-26 19:36:13,42.471152,-76.401527,2025-06-26 19:36:19.120,43,1913,7,Undefined,0,,6c643a62-d21b-4c95-8aba-40809ea57bac,,,,,,,,,,,2025-06-26
1902,2025-06-26 06:11:21,42.438720,-76.495926,2025-06-26 06:11:23.653,14,610,7,Green Commons,165,,4aba1c36-9304-4e17-b820-99c5ee57174a,,,,,,,,,,,2025-06-26
1902,2025-06-26 06:11:21,42.438720,-76.495926,2025-06-26 06:11:23.653,14,610,7,Green Commons,165,,4e10b65d-d4b5-445d-b081-6a9be49d06cf,,,,,,,,,,,2025-06-26
1902,2025-06-26 06:11:21,42.438720,-76.495926,2025-06-26 06:11:23.653,14,610,7,Green Commons,165,,6a460aba-8316-4dfd-a54c-ed0b20318836,,,,,,,,,,,2025-06-26
1902,2025-06-26 06:39:04,42.450610,-76.530834,2025-06-26 06:39:06.860,14,626,3,Conifer Village,738,,bf5731c5-bfdf-4422-b067-39f90ecbcc36,,,,,,,,,,,2025-06-26
1902,2025-06-26 06:46:35,42.437096,-76.521359,2025-06-26 06:46:38.517,14,626,3,Elm @ W Vill,713,,fc8c7ae2-9e7a-40b2-b75f-5bd754d91fc7,,,,,,,,,,,2025-06-26
1902,2025-06-26 06:46:35,42.437096,-76.521359,2025-06-26 06:46:38.517,14,626,3,Elm @ W Vill,713,,2829ac59-2b5e-40ea-b46d-b0bf85c73362,,,,,,,,,,,2025-06-26
1902,2025-06-26 06:46:35,42.437096,-76.521359,2025-06-26 06:46:38.517,14,626,3,Elm @ W Vill,713,,36ab1273-620a-448c-bcf5-62c468e45921,,,,,,,,,,,2025-06-26
1902,2025-06-26 07:01:11,42.438739,-76.496029,2025-06-26 07:01:15.830,14,700,7,Green Commons,165,,a57b30f7-a0ad-4dd0-b04a-2dbbc84a06e0,,,,,,,,,,,2025-06-26
1902,2025-06-26 07:30:29,42.469137,-76.538860,2025-06-26 07:30:33.407,14,726,3,Cayuga Med ER,2545,,a7a32bb3-b3a5-4edb-8021-ed2f493e1f5b,,,,,,,,,,,2025-06-26
1902,2025-06-26 07:30:29,42.469137,-76.538860,2025-06-26 07:30:33.407,14,726,3,Cayuga Med ER,2545,,00b72fe9-e054-4f74-b716-50992ea35cf9,,,,,,,,,,,2025-06-26
1902,2025-06-26 07:30:29,42.469137,-76.538860,2025-06-26 07:30:33.407,14,726,3,Cayuga Med ER,2545,,3c98dbd0-df70-445a-9537-b9e0f464ef5d,,,,,,,,,,,2025-06-26
1902,2025-06-26 07:33:26,42.465210,-76.540951,2025-06-26 07:33:30.367,14,726,3,Overlook Apts,2542,,9302649f-d600-4ef9-b2ec-9142ad5d7fb2,,,,,,,,,,,2025-06-26
1902,2025-06-26 07:42:15,42.450503,-76.530789,2025-06-26 07:42:20.427,14,726,3,Conifer Village,738,,75cfe7be-3d7c-494f-b9b5-e9ff359062ef,,,,,,,,,,,2025-06-26
1902,2025-06-26 07:49:00,42.437091,-76.521338,2025-06-26 07:49:06.640,14,726,3,Elm @ W Vill,713,,3bc24d5c-9391-4544-8c65-0effbd229ad6,,,,,,,,,,,2025-06-26
1902,2025-06-26 08:09:28,42.438754,-76.496056,2025-06-26 08:09:31.990,11,808,7,Green Commons,165,,4cf0e1a1-c5b7-48b9-944b-61c6f44f9c8a,,,,,,,,,,,2025-06-26
1902,2025-06-26 08:09:28,42.438754,-76.496056,2025-06-26 08:09:31.990,11,808,7,Green Commons,165,,7a21bd2a-435b-41b9-9031-8476bb896624,,,,,,,,,,,2025-06-26
1902,2025-06-26 08:09:28,42.438754,-76.496056,2025-06-26 08:09:31.990,11,808,7,Green Commons,165,,ca2ced7b-b0b6-4135-a82d-f462ae253985,,,,,,,,,,,2025-06-26
1902,2025-06-26 08:32:28,42.420203,-76.494896,2025-06-26 08:32:31.030,11,824,3,Towers IC,349,,c00cf75a-7ecf-4757-9b0a-d0d321ba3a8e,,,,,,,,,,,2025-06-26
1902,2025-06-26 09:01:34,42.438700,-76.496155,2025-06-26 09:01:38.330,14,900,7,Green Commons,165,,78f0f8fa-12bd-4e8e-9264-be0e6a285621,,,,,,,,,,,2025-06-26
1902,2025-06-26 09:01:34,42.438700,-76.496155,2025-06-26 09:01:38.330,14,900,7,Green Commons,165,,7b35f99e-ea85-4fcd-a00c-0845243067d2,,,,,,,,,,,2025-06-26
1902,2025-06-26 09:30:23,42.465219,-76.540962,2025-06-26 09:30:26.673,14,926,3,Overlook Apts,2542,,9d69bb3c-fa0d-484a-99b4-ed75da332198,,,,,,,,,,,2025-06-26
1902,2025-06-26 09:30:23,42.465219,-76.540962,2025-06-26 09:30:26.673,14,926,3,Overlook Apts,2542,,ebffc8c5-4107-42bf-9d16-4435f0628f69,,,,,,,,,,,2025-06-26
1902,2025-06-26 10:10:36,42.438845,-76.496045,2025-06-26 10:10:42.107,11,1008,7,Green Commons,165,,a2902409-ad0b-412a-89f6-3617b319adc8,,,,,,,,,,,2025-06-26
1902,2025-06-26 10:10:36,42.438845,-76.496045,2025-06-26 10:10:42.107,11,1008,7,Green Commons,165,,39822d1b-7d26-4338-9e97-3b5b6500700b,,,,,,,,,,,2025-06-26
1902,2025-06-26 10:10:36,42.438845,-76.496045,2025-06-26 10:10:42.107,11,1008,7,Green Commons,165,,7bc25fde-2171-44c1-9c1d-18dfa23a2721,,,,,,,,,,,2025-06-26
1902,2025-06-26 10:10:36,42.438845,-76.496045,2025-06-26 10:10:42.107,11,1008,7,Green Commons,165,,cf4e830e-57b7-48e9-a395-f6915ceacf19,,,,,,,,,,,2025-06-26
1902,2025-06-26 10:10:36,42.438845,-76.496045,2025-06-26 10:10:42.107,11,1008,7,Green Commons,165,,7b09d6b9-5d9c-40ab-99f3-c6fae2d77853,,,,,,,,,,,2025-06-26
1902,2025-06-26 11:01:12,42.438759,-76.495993,2025-06-26 11:01:17.360,14,1100,7,Green Commons,165,,0ed6bde0-dbc3-4431-b93f-0ce79fbba50c,,,,,,,,,,,2025-06-26
1902,2025-06-26 11:04:17,42.440451,-76.497581,2025-06-26 11:04:22.563,14,1100,7,Seneca Commons,100,,731e6b6f-a253-49ce-a2a9-ca98d8a2f412,,,,,,,,,,,2025-06-26
1902,2025-06-26 11:08:30,42.439250,-76.509060,2025-06-26 11:08:35.593,14,1100,7,State @ Meadow,664,,4870deb1-c140-4191-9f37-ef2a8ba76bc6,,,,,,,,,,,2025-06-26
1902,2025-06-26 11:10:39,42.441082,-76.514942,2025-06-26 11:10:44.037,14,1100,7,State/MLK at In,679,,f1ef2c64-8162-450e-90f5-d307cb1acd74,,,,,,,,,,,2025-06-26
1902,2025-06-26 12:08:40,42.438700,-76.496097,2025-06-26 12:08:45.240,11,1208,7,Green Commons,165,,9d8efbd0-0846-4e59-888f-604517e222cb,,,,,,,,,,,2025-06-26
1902,2025-06-26 13:01:18,42.438726,-76.496051,2025-06-26 13:01:23.373,14,1300,7,Green Commons,165,,f50a6d6e-032b-4850-8103-e3179610d9ad,,,,,,,,,,,2025-06-26
1902,2025-06-26 13:01:18,42.438726,-76.496051,2025-06-26 13:01:23.373,14,1300,7,Green Commons,165,,42caff5b-3721-4d0f-bc37-6f309695729d,,,,,,,,,,,2025-06-26
1902,2025-06-26 13:19:29,42.436251,-76.522205,2025-06-26 13:19:35.653,14,1300,7,W Vill Parking,715,,057604ab-b39f-4bd3-bbbc-c2356d16f747,,,,,,,,,,,2025-06-26
1902,2025-06-26 13:55:14,42.437061,-76.521429,2025-06-26 13:55:20.517,14,1326,3,Elm @ W Vill,713,,a090a04f-3abd-4cb7-ac08-2de187d8763b,,,,,,,,,,,2025-06-26
1902,2025-06-26 14:08:51,42.438734,-76.496113,2025-06-26 14:08:57.637,11,1408,7,Green Commons,165,,55dfaca8-0a8a-47fe-84d3-9e022b103e14,,,,,,,,,,,2025-06-26
1902,2025-06-26 14:10:56,42.439078,-76.495395,2025-06-26 14:11:00.857,11,1408,7,Aurora Commons,172,,9df9fdd9-bd63-4fc2-9ebd-e2a3ddc0a39a,,,,,,,,,,,2025-06-26
1902,2025-06-26 14:22:42,42.423827,-76.501120,2025-06-26 14:22:49.140,11,1408,7,S Hill Biz Pk,361,,02542c88-844e-41a7-83da-3180de73516d,,,,,,,,,,,2025-06-26
1902,2025-06-26 14:36:14,42.419637,-76.496859,2025-06-26 14:36:21.780,11,1427,3,Ithaca College,352,,2ca5b4dd-8c5d-4ff1-89bd-584c37dfbc7e,,,,,,,,,,,2025-06-26
1902,2025-06-26 15:01:16,42.438780,-76.496116,2025-06-26 15:01:20.913,14,1500,7,Green Commons,165,,b911bd22-352e-4788-9d81-bbcb76caed42,,,,,,,,,,,2025-06-26
1902,2025-06-26 15:39:39,42.469140,-76.538801,2025-06-26 15:39:45.497,14,1535,3,Cayuga Med ER,2545,,6a697854-aa59-4e49-97c5-367f52e3cec5,,,,,,,,,,,2025-06-26
1902,2025-06-26 15:47:08,42.448602,-76.526318,2025-06-26 15:47:15.027,14,1535,3,Undefined,0,,9225ac80-c881-4f7c-a7aa-b7f5e1271a74,,,,,,,,,,,2025-06-26
1902,2025-06-26 15:52:31,42.437082,-76.521416,2025-06-26 15:52:36.420,14,1535,3,Elm @ W Vill,713,,8b220348-46dd-4758-b0db-4be0c34c5ef7,,,,,,,,,,,2025-06-26
1902,2025-06-26 17:00:39,42.438682,-76.496041,2025-06-26 17:00:45.343,14,1700,7,Green Commons,165,,9a1c8a5b-ed30-4d39-bdea-c1d2e3dccae1,,,,,,,,,,,2025-06-26
1902,2025-06-26 17:04:34,42.440411,-76.497515,2025-06-26 17:04:40.320,14,1700,7,Seneca Commons,100,,cc0cd34c-7754-4d5e-9ad0-84fcc6dd39e0,,,,,,,,,,,2025-06-26
1902,2025-06-26 17:25:11,42.450075,-76.530654,2025-06-26 17:25:16.157,14,1700,7,Linderman Creek,736,,3c4368a2-42de-4352-8add-eee13f1af7cc,,,,,,,,,,,2025-06-26
1902,2025-06-26 17:34:59,42.465275,-76.540989,2025-06-26 17:35:02.237,14,1700,7,Overlook Apts,2542,,79308f41-c500-46c8-99a1-02de6efd4b5a,,,,,,,,,,,2025-06-26
1902,2025-06-26 18:08:25,42.437102,-76.521373,2025-06-26 18:08:29.487,14,1735,3,Elm @ W Vill,713,,251739fc-5528-4623-8ba9-48e5f36c0b70,,,,,,,,,,,2025-06-26
1902,2025-06-26 18:08:25,42.437102,-76.521373,2025-06-26 18:08:29.487,14,1735,3,Elm @ W Vill,713,,b7c11a59-3a19-473e-9989-d780cf4d3b2f,,,,,,,,,,,2025-06-26
1902,2025-06-26 18:08:25,42.437102,-76.521373,2025-06-26 18:08:29.487,14,1735,3,Elm @ W Vill,713,,1342c6f2-fd63-4e91-a245-b2b7e89a4f37,,,,,,,,,,,2025-06-26
1902,2025-06-26 18:08:25,42.437102,-76.521373,2025-06-26 18:08:29.487,14,1735,3,Elm @ W Vill,713,,cce94556-f62a-4a9f-b92e-09be94271c7c,,,,,,,,,,,2025-06-26
1904,2025-06-26 06:09:04,42.452669,-76.505711,2025-06-26 06:09:08.430,17,604,3,TCAT Office,998,,e1bf5c78-912a-49a4-9ea2-f337df4a4fc5,,,,,,,,,,,2025-06-26
1904,2025-06-26 06:51:41,42.368747,-76.554730,2025-06-26 06:51:45.487,67,644,3,Newfield Depot,6532,,62cdb704-94f3-4e29-8a28-87cf8b73c93c,,,,,,,,,,,2025-06-26
1904,2025-06-26 06:54:35,42.382658,-76.553699,2025-06-26 06:54:39.187,67,644,3,West Danby Rd @,6515,,f65d89ad-005d-4f86-8903-b7f085a88435,,,,,,,,,,,2025-06-26
1904,2025-06-26 07:13:09,42.438720,-76.496038,2025-06-26 07:13:13.410,43,712,7,Green Commons,165,,9dc03a2b-b0b9-4bd2-99c3-2293aaf3ab13,,,,,,,,,,,2025-06-26
1904,2025-06-26 08:50:22,42.442665,-76.495987,2025-06-26 08:50:27.720,10,848,4,Tioga @ Court,103,,8224fc74-d23f-48d7-858f-3511c9d981c7,,,,,,,,,,,2025-06-26
1904,2025-06-26 09:14:27,42.442682,-76.495914,2025-06-26 09:14:32.720,10,912,4,Tioga @ Court,103,,835747ac-3367-4249-95c9-f09a62370d0b,,,,,,,,,,,2025-06-26
1904,2025-06-26 10:01:09,42.441092,-76.496907,2025-06-26 10:01:14.310,10,1000,4,Seneca Commons,100,,eb7e3a08-bb3c-46af-b553-5b715c9e8a22,,,,,,,,,,,2025-06-26
1904,2025-06-26 10:24:56,42.441084,-76.496894,2025-06-26 10:25:02.183,10,1024,4,Seneca Commons,100,,53757aeb-b0ff-4dd8-ab50-00cedac0c95a,,,,,,,,,,,2025-06-26
1904,2025-06-26 12:06:03,42.482124,-76.489298,2025-06-26 12:06:06.730,30,1205,3,Ithaca Mall,3588,,e882fdf2-477b-4b01-b8e7-ab2d880da6cc,,,,,,,,,,,2025-06-26
1904,2025-06-26 12:06:03,42.482124,-76.489298,2025-06-26 12:06:06.730,30,1205,3,Ithaca Mall,3588,,687e8cf7-b1dc-45d4-993e-4e0983e983eb,,,,,,,,,,,2025-06-26
1904,2025-06-26 12:06:03,42.482124,-76.489298,2025-06-26 12:06:06.730,30,1205,3,Ithaca Mall,3588,,aeb28558-ceab-4e3d-ab47-4b7ff3bb4220,,,,,,,,,,,2025-06-26
1904,2025-06-26 12:06:03,42.482124,-76.489298,2025-06-26 12:06:06.730,30,1205,3,Ithaca Mall,3588,,a336826e-f705-4c95-9114-496e6cc9fa94,,,,,,,,,,,2025-06-26
1904,2025-06-26 12:09:02,42.478467,-76.482201,2025-06-26 12:09:06.040,30,1205,3,Lansing West Ap,3525,,112d8a28-1f22-43ee-a11c-eadfeffe5583,,,,,,,,,,,2025-06-26
1904,2025-06-26 12:47:59,42.438763,-76.496083,2025-06-26 12:48:05.077,30,1245,7,Green Commons,165,,5fc81399-b578-4b49-a31e-2668706e2a4d,,,,,,,,,,,2025-06-26
1904,2025-06-26 12:47:59,42.438763,-76.496083,2025-06-26 12:48:05.077,30,1245,7,Green Commons,165,,506e6f08-e11d-4d18-93ca-ee7f397fefd3,,,,,,,,,,,2025-06-26
1904,2025-06-26 12:47:59,42.438763,-76.496083,2025-06-26 12:48:05.077,30,1245,7,Green Commons,165,,ee0cdf29-0586-40d1-ba8e-4284536c3e19,,,,,,,,,,,2025-06-26
1904,2025-06-26 12:47:59,42.438763,-76.496083,2025-06-26 12:48:05.077,30,1245,7,Green Commons,165,,7967c191-d2bc-43e4-a458-cdce35cd548f,,,,,,,,,,,2025-06-26
1904,2025-06-26 13:20:49,42.482109,-76.489295,2025-06-26 13:20:54.947,30,1320,3,Ithaca Mall,3588,,339f2f8d-391a-4344-b921-59dec20512f6,,,,,,,,,,,2025-06-26
1904,2025-06-26 14:00:46,42.438709,-76.496076,2025-06-26 14:00:51.113,30,1400,7,Green Commons,165,,f78e1a2c-81ca-4a44-930e-698fd0c3cef4,,,,,,,,,,,2025-06-26
1904,2025-06-26 14:00:46,42.438709,-76.496076,2025-06-26 14:00:51.113,30,1400,7,Green Commons,165,,e3f8157c-d5cd-44fa-9272-10a82c89fc9b,,,,,,,,,,,2025-06-26
1904,2025-06-26 14:00:46,42.438709,-76.496076,2025-06-26 14:00:51.113,30,1400,7,Green Commons,165,,5261e818-bf15-4fdb-ac3d-69e6d57cbe13,,,,,,,,,,,2025-06-26
1904,2025-06-26 14:00:46,42.438709,-76.496076,2025-06-26 14:00:51.113,30,1400,7,Green Commons,165,,9e4e0685-e909-4044-8900-e9aa515826d5,,,,,,,,,,,2025-06-26
1904,2025-06-26 14:00:46,42.438709,-76.496076,2025-06-26 14:00:51.113,30,1400,7,Green Commons,165,,06a2ac74-60bf-4756-aa8f-869808eb6d81,,,,,,,,,,,2025-06-26
1904,2025-06-26 14:00:46,42.438709,-76.496076,2025-06-26 14:00:51.113,30,1400,7,Green Commons,165,,fb483fd3-25ed-4c83-80cd-f188ccdd6861,,,,,,,,,,,2025-06-26
1904,2025-06-26 14:00:46,42.438709,-76.496076,2025-06-26 14:00:51.113,30,1400,7,Green Commons,165,,5fb93a81-0b4b-4912-bd34-946f91e12f21,,,,,,,,,,,2025-06-26
1904,2025-06-26 14:00:46,42.438709,-76.496076,2025-06-26 14:00:51.113,30,1400,7,Green Commons,165,,ef91471e-0b34-4cfe-9fa3-947d004e7610,,,,,,,,,,,2025-06-26
1904,2025-06-26 14:12:24,42.450387,-76.482893,2025-06-26 14:12:29.790,30,1400,7,Rockefeller Hal,1525,,1226018a-df27-4a3a-8c47-c01419fa5374,,,,,,,,,,,2025-06-26
1904,2025-06-26 14:12:24,42.450387,-76.482893,2025-06-26 14:12:29.790,30,1400,7,Rockefeller Hal,1525,,fde70725-5390-4d46-afbd-c2b9e9446d93,,,,,,,,,,,2025-06-26
1904,2025-06-26 14:35:53,42.482117,-76.489311,2025-06-26 14:35:59.417,30,1435,3,Ithaca Mall,3588,,f0fb59c3-4cae-42d4-bcfb-80a8f34d19b8,,,,,,,,,,,2025-06-26
1904,2025-06-26 14:35:53,42.482117,-76.489311,2025-06-26 14:35:59.417,30,1435,3,Ithaca Mall,3588,,cf902a5b-c652-47b1-850d-d47472f6acb8,,,,,,,,,,,2025-06-26
1904,2025-06-26 14:53:34,42.438924,-76.485125,2025-06-26 14:53:40.140,30,1435,3,Catherine Commo,1714,,38862c00-6bd8-42d5-9193-4fd14fe8c030,,,,,,,,,,,2025-06-26
1904,2025-06-26 15:15:10,42.438726,-76.496060,2025-06-26 15:15:15.090,30,1515,7,Green Commons,165,,fd6bdc51-f2a6-4592-bb3a-b09ad7b60e32,,,,,,,,,,,2025-06-26
1904,2025-06-26 15:15:10,42.438726,-76.496060,2025-06-26 15:15:15.090,30,1515,7,Green Commons,165,,190d62ab-9144-44fe-b9db-c1636dbd2d65,,,,,,,,,,,2025-06-26
1904,2025-06-26 15:15:10,42.438726,-76.496060,2025-06-26 15:15:15.090,30,1515,7,Green Commons,165,,59e7c9a3-83f7-4570-85ef-4a7b227e61ed,,,,,,,,,,,2025-06-26
1904,2025-06-26 15:15:10,42.438726,-76.496060,2025-06-26 15:15:15.090,30,1515,7,Green Commons,165,,cb913aea-9bda-45d0-aeec-bbe1a0ed895f,,,,,,,,,,,2025-06-26
1904,2025-06-26 15:50:32,42.482097,-76.489290,2025-06-26 15:50:36.877,30,1550,3,Ithaca Mall,3588,,b845b15c-b2f3-4cfc-88c9-7649b9e7dffd,,,,,,,,,,,2025-06-26
1904,2025-06-26 15:54:32,42.478465,-76.482209,2025-06-26 15:54:38.213,30,1550,3,Lansing West Ap,3525,,a3c00214-063c-4bbb-b398-9cf857815bed,,,,,,,,,,,2025-06-26
1904,2025-06-26 16:30:24,42.438731,-76.496154,2025-06-26 16:30:30.560,30,1630,7,Green Commons,165,,9ff7f155-532e-4730-8702-9a9631013ee7,,,,,,,,,,,2025-06-26
1904,2025-06-26 16:30:24,42.438731,-76.496154,2025-06-26 16:30:30.560,30,1630,7,Green Commons,165,,b7de5776-72c5-4f35-832e-17b557edc91f,,,,,,,,,,,2025-06-26
1904,2025-06-26 17:05:49,42.482105,-76.489312,2025-06-26 17:05:53.863,30,1705,3,Ithaca Mall,3588,,b1fd5a32-7a6e-434b-9453-30c8d3564d1f,,,,,,,,,,,2025-06-26
1904,2025-06-26 17:25:17,42.444073,-76.485187,2025-06-26 17:25:21.503,30,1705,3,Anabel Taylor H,1530,,4d35a201-c6da-4c5c-87b3-2d9501a5e79a,,,,,,,,,,,2025-06-26
1904,2025-06-26 17:25:17,42.444073,-76.485187,2025-06-26 17:25:21.503,30,1705,3,Anabel Taylor H,1530,,b5ecd27f-76d3-41c1-b026-6ee43dd9f2e4,,,,,,,,,,,2025-06-26
1904,2025-06-26 17:25:17,42.444073,-76.485187,2025-06-26 17:25:21.503,30,1705,3,Anabel Taylor H,1530,,303748d4-286b-4222-9bf8-b30bfa8d20e9,,,,,,,,,,,2025-06-26
1904,2025-06-26 17:25:17,42.444073,-76.485187,2025-06-26 17:25:21.503,30,1705,3,Anabel Taylor H,1530,,d251fa51-f7a4-489e-99dc-6c8f7b87c7a1,,,,,,,,,,,2025-06-26
1904,2025-06-26 17:25:17,42.444073,-76.485187,2025-06-26 17:25:21.503,30,1705,3,Anabel Taylor H,1530,,16972254-206c-47cd-a5c6-dcfbc0d6c50a,,,,,,,,,,,2025-06-26
1904,2025-06-26 17:26:30,42.441841,-76.485189,2025-06-26 17:26:33.917,30,1705,3,Schwartz CPA,1716,,9f5398bf-0bd4-470e-a580-43b77a11d0cf,,,,,,,,,,,2025-06-26
1904,2025-06-26 17:26:30,42.441841,-76.485189,2025-06-26 17:26:33.917,30,1705,3,Schwartz CPA,1716,,7df7baea-7e0d-4215-8340-6e9bdc8a8e14,,,,,,,,,,,2025-06-26
1904,2025-06-26 17:26:30,42.441841,-76.485189,2025-06-26 17:26:33.917,30,1705,3,Schwartz CPA,1716,,c518cf5f-8425-41b7-83a5-d8c9f19386c9,,,,,,,,,,,2025-06-26
1904,2025-06-26 17:28:38,42.437389,-76.486067,2025-06-26 17:28:43.260,30,1705,3,College @ Mitch,1710,,c925acfd-a763-4f1d-a8d5-a6617e56d421,,,,,,,,,,,2025-06-26
1904,2025-06-26 17:29:33,42.439023,-76.488996,2025-06-26 17:29:36.547,30,1705,3,State/MLK @ Qua,1704,,535525cf-637f-49bf-8e81-0082a9aa141f,,,,,,,,,,,2025-06-26
1904,2025-06-26 17:31:34,42.440511,-76.496626,2025-06-26 17:31:39.710,30,1705,3,Undefined,0,,5a3f2767-8357-4f71-bb52-8505332ca5d6,,,,,,,,,,,2025-06-26
1904,2025-06-26 17:31:34,42.440511,-76.496626,2025-06-26 17:31:39.710,30,1705,3,Undefined,0,,db06fc9c-71ff-4709-9a55-cc7e5c72d4f0,,,,,,,,,,,2025-06-26
1904,2025-06-26 17:31:34,42.440511,-76.496626,2025-06-26 17:31:39.710,30,1705,3,Undefined,0,,7e394fef-6876-4635-98e4-80da4821a9ef,,,,,,,,,,,2025-06-26
1904,2025-06-26 17:45:35,42.438684,-76.495986,2025-06-26 17:45:39.783,30,1745,7,Green Commons,165,,dfdf8bd3-2d80-460d-9446-0406b5ea38aa,,,,,,,,,,,2025-06-26
1904,2025-06-26 17:45:35,42.438684,-76.495986,2025-06-26 17:45:39.783,30,1745,7,Green Commons,165,,1fe51a5e-070f-43db-89b1-97f2c21d1059,,,,,,,,,,,2025-06-26
1904,2025-06-26 17:45:35,42.438684,-76.495986,2025-06-26 17:45:39.783,30,1745,7,Green Commons,165,,76da7b8f-e78b-4bb2-a46d-af2983ae8644,,,,,,,,,,,2025-06-26
1904,2025-06-26 18:21:17,42.482133,-76.489291,2025-06-26 18:21:22.243,30,1820,3,Ithaca Mall,3588,,50de4755-c4ba-42b9-b22b-3d7a36c011cc,,,,,,,,,,,2025-06-26
1905,2025-06-26 07:46:41,42.438728,-76.496021,2025-06-26 07:46:45.013,52,746,7,Green Commons,165,,9fa057c0-78e0-4887-9926-7e796b6efe8a,,,,,,,,,,,2025-06-26
1905,2025-06-26 09:03:33,42.438738,-76.496076,2025-06-26 09:03:40.020,37,903,7,Green Commons,165,,1239a11a-911d-42ff-ad84-600a2eedd374,,,,,,,,,,,2025-06-26
1905,2025-06-26 09:03:33,42.438738,-76.496076,2025-06-26 09:03:40.020,37,903,7,Green Commons,165,,cc38a9f4-bedb-47e2-b527-7663dc55e1e2,,,,,,,,,,,2025-06-26
1905,2025-06-26 10:12:53,42.447595,-76.481273,2025-06-26 10:12:59.373,37,943,3,Uris Hall,1541,,05fd5c1b-a722-4a41-ac60-0e6bddade56b,,,,,,,,,,,2025-06-26
1905,2025-06-26 10:37:30,42.436254,-76.522214,2025-06-26 10:37:35.847,145,1029,7,W Vill Parking,715,,a9de7ac6-35b1-4e63-be4f-5b6f2fd34e81,,,,,,,,,,,2025-06-26
1905,2025-06-26 10:47:52,42.448685,-76.530657,2025-06-26 10:47:57.877,145,1029,7,Linderman Creek,737,,af960e85-4a18-43d2-8e1b-ff9d3beb36a6,,,,,,,,,,,2025-06-26
1905,2025-06-26 10:57:35,42.464724,-76.541429,2025-06-26 10:57:38.627,145,1057,3,Cayuga Meadows,2543,,aa74cd80-2e03-4712-a108-198f5a71bf18,,,,,,,,,,,2025-06-26
1905,2025-06-26 11:19:10,42.428732,-76.512801,2025-06-26 11:19:15.273,145,1118,7,WalMart,549,,62c42a92-6802-4228-8871-c287ffb1d916,,,,,,,,,,,2025-06-26
1905,2025-06-26 11:33:40,42.436207,-76.522239,2025-06-26 11:33:46.043,145,1118,7,W Vill Parking,715,,ab2bd9b2-e2ce-4f95-9313-bfc5acae2ee6,,,,,,,,,,,2025-06-26
1905,2025-06-26 11:33:40,42.436207,-76.522239,2025-06-26 11:33:46.043,145,1118,7,W Vill Parking,715,,84104d09-f8de-4b55-93b8-2688bbe0c72d,,,,,,,,,,,2025-06-26
1905,2025-06-26 11:45:27,42.450605,-76.530813,2025-06-26 11:45:31.043,145,1118,7,Conifer Village,738,,3401b85b-9e13-4383-ae5e-9ee9087ada33,,,,,,,,,,,2025-06-26
1905,2025-06-26 11:55:11,42.464725,-76.541419,2025-06-26 11:55:16.973,145,1152,3,Cayuga Meadows,2543,,2f43fc8c-7659-426a-9403-ee1a200e598c,,,,,,,,,,,2025-06-26
1905,2025-06-26 12:09:30,42.434270,-76.509538,2025-06-26 12:09:35.610,145,1152,3,Wegmans,541,,4a9a4225-7413-4633-b958-4dc9dbe98e08,,,,,,,,,,,2025-06-26
1905,2025-06-26 12:12:16,42.430408,-76.510580,2025-06-26 12:12:23.003,145,1152,3,South Meadow Ma,545,,cac9e561-1bf6-4831-929f-9bdfa5c891bb,,,,,,,,,,,2025-06-26
1905,2025-06-26 12:14:55,42.428754,-76.512874,2025-06-26 12:15:00.493,145,1213,7,WalMart,549,,1fd7a5b7-8d48-4fc7-8176-9738d9f9295e,,,,,,,,,,,2025-06-26
1905,2025-06-26 12:14:55,42.428754,-76.512874,2025-06-26 12:15:00.493,145,1213,7,WalMart,549,,4946a399-9411-44d3-aa67-463f46eea8ed,,,,,,,,,,,2025-06-26
1905,2025-06-26 12:30:52,42.436230,-76.522178,2025-06-26 12:30:58.973,145,1213,7,W Vill Parking,715,,2a9567cb-fb9b-4560-8262-9bb2f1c5be12,,,,,,,,,,,2025-06-26
1905,2025-06-26 12:50:01,42.464732,-76.541407,2025-06-26 12:50:07.480,145,1247,3,Cayuga Meadows,2543,,da2e5380-e772-4e44-8158-a826539a1ee9,,,,,,,,,,,2025-06-26
1905,2025-06-26 13:04:29,42.429767,-76.512507,2025-06-26 13:04:34.170,145,1247,3,Fairgrounds Mem,547,,f3b57b7b-929f-4913-b803-a5ea34f29af7,,,,,,,,,,,2025-06-26
1905,2025-06-26 13:13:01,42.428729,-76.512876,2025-06-26 13:13:07.160,145,1308,7,WalMart,549,,a894b6ea-25a5-4a32-8953-f02b130ffb57,,,,,,,,,,,2025-06-26
1905,2025-06-26 13:13:01,42.428729,-76.512876,2025-06-26 13:13:07.160,145,1308,7,WalMart,549,,8a35ba87-208d-4a22-b561-6d77312fc4a3,,,,,,,,,,,2025-06-26
1905,2025-06-26 13:13:01,42.428729,-76.512876,2025-06-26 13:13:07.160,145,1308,7,WalMart,549,,9f38913e-dd56-420d-b67f-59a5676e8676,,,,,,,,,,,2025-06-26
1905,2025-06-26 13:13:01,42.428729,-76.512876,2025-06-26 13:13:07.160,145,1308,7,WalMart,549,,78a89c41-de51-4087-a702-23c06bdf5d79,,,,,,,,,,,2025-06-26
1905,2025-06-26 13:23:04,42.442651,-76.517895,2025-06-26 13:23:08.143,145,1308,7,Chestnut @ Sunr,704,,a74cd4d7-1d69-4e3d-935d-421fed75c10b,,,,,,,,,,,2025-06-26
1905,2025-06-26 14:10:25,42.428738,-76.512903,2025-06-26 14:10:30.383,145,1403,7,WalMart,549,,a888d85d-063b-46ae-bc09-03dc9f4bded9,,,,,,,,,,,2025-06-26
1905,2025-06-26 14:10:25,42.428738,-76.512903,2025-06-26 14:10:30.383,145,1403,7,WalMart,549,,dee896be-3785-4eaf-9d53-765a08ea3ce8,,,,,,,,,,,2025-06-26
1905,2025-06-26 14:10:25,42.428738,-76.512903,2025-06-26 14:10:30.383,145,1403,7,WalMart,549,,e2ae14e6-afb8-4db5-960e-6283844dac71,,,,,,,,,,,2025-06-26
1905,2025-06-26 14:10:25,42.428738,-76.512903,2025-06-26 14:10:30.383,145,1403,7,WalMart,549,,a4dadc6d-c555-43b8-be10-d31ea717f1bc,,,,,,,,,,,2025-06-26
1905,2025-06-26 14:56:08,42.431539,-76.509636,2025-06-26 14:56:12.650,145,1437,3,HomeGoods,543,,6668a916-00ab-404a-962e-8759bfe23865,,,,,,,,,,,2025-06-26
1905,2025-06-26 15:01:40,42.428756,-76.512862,2025-06-26 15:01:47.020,145,1458,7,WalMart,549,,e21f3382-75b2-44a6-966e-7339f340368c,,,,,,,,,,,2025-06-26
1905,2025-06-26 15:01:40,42.428756,-76.512862,2025-06-26 15:01:47.020,145,1458,7,WalMart,549,,46d14504-90b7-48a4-963e-51dee7a092b1,,,,,,,,,,,2025-06-26
1905,2025-06-26 15:01:40,42.428756,-76.512862,2025-06-26 15:01:47.020,145,1458,7,WalMart,549,,855e07bd-9c5a-421e-b295-eb00eb4f5eca,,,,,,,,,,,2025-06-26
1905,2025-06-26 16:23:29,42.465266,-76.540979,2025-06-26 16:23:34.787,145,1553,7,Overlook Apts,2542,,06063c7e-b788-473b-8e99-36a1506c469e,,,,,,,,,,,2025-06-26
1905,2025-06-26 16:23:29,42.465266,-76.540979,2025-06-26 16:23:34.787,145,1553,7,Overlook Apts,2542,,648e88fd-4914-4769-8c0e-081506e0e3ac,,,,,,,,,,,2025-06-26
1905,2025-06-26 16:45:36,42.438698,-76.495953,2025-06-26 16:45:39.720,30,1645,7,Green Commons,165,,b9e8e1ab-02c6-4f9f-9c47-78a7c5075544,,,,,,,,,,,2025-06-26
1905,2025-06-26 16:45:36,42.438698,-76.495953,2025-06-26 16:45:39.720,30,1645,7,Green Commons,165,,228f6e06-e549-4495-a0af-c123fa246822,,,,,,,,,,,2025-06-26
1905,2025-06-26 16:45:36,42.438698,-76.495953,2025-06-26 16:45:39.720,30,1645,7,Green Commons,165,,3ee422ca-2967-4753-8c46-8d96b8115af1,,,,,,,,,,,2025-06-26
1905,2025-06-26 17:14:16,42.484337,-76.486070,2025-06-26 17:14:21.830,30,1645,7,Cayuga Mall,3579,,1b507bc3-2cf2-4aee-b7fd-48b824807017,,,,,,,,,,,2025-06-26
1905,2025-06-26 17:17:11,42.485294,-76.488986,2025-06-26 17:17:14.980,30,1645,7,Graham@Butler,3587,,ca76ba8c-52c3-43f6-9b3f-e9b0bc730116,,,,,,,,,,,2025-06-26
1905,2025-06-26 17:44:42,42.440526,-76.497458,2025-06-26 17:44:49.167,17,1742,7,Seneca Commons,100,,00794e5d-0076-4e2d-8496-1ee369a13e5a,,,,,,,,,,,2025-06-26
1905,2025-06-26 17:44:42,42.440526,-76.497458,2025-06-26 17:44:49.167,17,1742,7,Seneca Commons,100,,df1df7d2-6c0c-4f57-9db0-45a04fbca838,,,,,,,,,,,2025-06-26
1905,2025-06-26 18:05:39,42.438793,-76.496070,2025-06-26 18:05:45.207,13,1805,7,Green Commons,165,,0308a018-e62f-428a-8d5b-b44fe5216e8c,,,,,,,,,,,2025-06-26
1905,2025-06-26 18:05:39,42.438793,-76.496070,2025-06-26 18:05:45.207,13,1805,7,Green Commons,165,,0f23b20a-5981-4d09-8fca-ea74bc7bc4db,,,,,,,,,,,2025-06-26
1905,2025-06-26 18:05:39,42.438793,-76.496070,2025-06-26 18:05:45.207,13,1805,7,Green Commons,165,,6a1ca90b-b964-4415-864a-fb02e3917e38,,,,,,,,,,,2025-06-26
1905,2025-06-26 18:05:39,42.438793,-76.496070,2025-06-26 18:05:45.207,13,1805,7,Green Commons,165,,4e1ce7ba-2029-4adb-a23e-f095f834c8b4,,,,,,,,,,,2025-06-26
1905,2025-06-26 18:05:39,42.438793,-76.496070,2025-06-26 18:05:45.207,13,1805,7,Green Commons,165,,8acac7e7-6e87-448c-9f20-adb0e39045e2,,,,,,,,,,,2025-06-26
1905,2025-06-26 18:05:39,42.438793,-76.496070,2025-06-26 18:05:45.207,13,1805,7,Green Commons,165,,96be5530-8b2d-4553-8678-14719852b7a0,,,,,,,,,,,2025-06-26
1905,2025-06-26 18:05:39,42.438793,-76.496070,2025-06-26 18:05:45.207,13,1805,7,Green Commons,165,,97dc0ace-48c0-45b0-b18d-ed018c32c8b4,,,,,,,,,,,2025-06-26
1905,2025-06-26 18:25:39,42.451750,-76.504984,2025-06-26 18:25:59.140,13,1825,3,Guthrie Cty Har,996,,050804c7-1693-44f4-9333-8ad281f615a0,,,,,,,,,,,2025-06-26
1905,2025-06-26 18:50:23,42.438762,-76.496043,2025-06-26 18:50:30.053,13,1850,7,Green Commons,165,,2a4b498e-c1db-4320-a054-39082cd96be4,,,,,,,,,,,2025-06-26
1905,2025-06-26 18:50:23,42.438762,-76.496043,2025-06-26 18:50:30.053,13,1850,7,Green Commons,165,,324806ea-0e9f-4838-9260-75138cfbbba0,,,,,,,,,,,2025-06-26
1906,2025-06-26 05:50:22,42.452629,-76.505692,2025-06-26 05:50:25.673,17,548,3,TCAT Office,998,,8bdeb4d3-3401-4ac3-a352-1efc235b4573,,,,,,,,,,,2025-06-26
1906,2025-06-26 05:50:22,42.452629,-76.505692,2025-06-26 05:50:25.673,17,548,3,TCAT Office,998,,ef00bc97-c63e-4796-a82e-e69ef4d87ed8,,,,,,,,,,,2025-06-26
1906,2025-06-26 07:00:35,42.438802,-76.496011,2025-06-26 07:00:40.777,30,700,7,Green Commons,165,,8c908e54-aece-4e37-8e52-7baefba3aa57,,,,,,,,,,,2025-06-26
1906,2025-06-26 07:04:19,42.437680,-76.484058,2025-06-26 07:04:24.510,30,700,7,College @ Mitch,1711,,2ca2fa9a-09e5-4b51-a5cf-7075989833b8,,,,,,,,,,,2025-06-26
1906,2025-06-26 07:14:36,42.457432,-76.474377,2025-06-26 07:14:43.453,30,700,7,Jess@PleasGrove,1345,,030c3142-d5c0-44d4-b474-c21eae197aa6,,,,,,,,,,,2025-06-26
1906,2025-06-26 07:45:02,42.423810,-76.502049,2025-06-26 07:45:06.277,11,724,3,Undefined,0,,1b479edb-549e-4303-bb68-c3397a1137ae,,,,,,,,,,,2025-06-26
1906,2025-06-26 08:35:34,42.458335,-76.526098,2025-06-26 08:35:40.123,14,826,3,Trumansburg Rd,2514,,42b390df-9499-41dc-9114-b90a617a63ee,,,,,,,,,,,2025-06-26
1906,2025-06-26 08:39:03,42.450071,-76.530627,2025-06-26 08:39:15.470,14,826,3,Linderman Creek,736,,dc450079-a82e-4133-8c68-454401446de1,,,,,,,,,,,2025-06-26
1906,2025-06-26 08:43:09,42.448590,-76.526309,2025-06-26 08:43:15.123,14,826,3,Undefined,0,,58cf24a2-7a44-4709-8528-a92ff42aa06f,,,,,,,,,,,2025-06-26
1906,2025-06-26 08:45:35,42.439462,-76.525000,2025-06-26 08:45:40.100,14,826,3,Warren Pl @ Hoo,722,,0cae9927-70e2-4b41-bd1f-30e504113221,,,,,,,,,,,2025-06-26
1906,2025-06-26 09:11:39,42.439052,-76.495421,2025-06-26 09:11:43.280,11,908,7,Aurora Commons,172,,f10878ee-3ded-4cfe-9243-bef55d9d2053,,,,,,,,,,,2025-06-26
1906,2025-06-26 09:38:56,42.427212,-76.489286,2025-06-26 09:39:02.173,11,924,3,Coddington at I,329,,a1319e35-921b-4dd6-97c0-8c1ea6c72c9e,,,,,,,,,,,2025-06-26
1906,2025-06-26 10:00:19,42.439045,-76.496083,2025-06-26 10:00:22.527,14,1000,7,Green Commons,165,,5eb50352-741c-41a4-a0d9-bb55f52154f0,,,,,,,,,,,2025-06-26
1906,2025-06-26 10:31:56,42.464760,-76.541404,2025-06-26 10:32:02.593,14,1026,3,Cayuga Meadows,2543,,c485a70c-739f-443b-ba63-a1ce72ca8784,,,,,,,,,,,2025-06-26
1906,2025-06-26 11:16:16,42.438837,-76.495509,2025-06-26 11:16:22.350,11,1108,7,Green Commons,165,,5b6fe9e1-8552-4f8b-9024-5c9250e5c979,,,,,,,,,,,2025-06-26
1906,2025-06-26 11:16:16,42.438837,-76.495509,2025-06-26 11:16:22.350,11,1108,7,Green Commons,165,,61c9e1b8-06e0-42a4-9c00-ae54dca46146,,,,,,,,,,,2025-06-26
1906,2025-06-26 11:16:16,42.438837,-76.495509,2025-06-26 11:16:22.350,11,1108,7,Green Commons,165,,b7858b33-8d88-4bcc-ad65-6369614bc066,,,,,,,,,,,2025-06-26
1906,2025-06-26 11:16:16,42.438837,-76.495509,2025-06-26 11:16:22.350,11,1108,7,Green Commons,165,,a21ddf7a-446a-49f1-b47f-9347ef73de7b,,,,,,,,,,,2025-06-26
1906,2025-06-26 11:16:16,42.438837,-76.495509,2025-06-26 11:16:22.350,11,1108,7,Green Commons,165,,dc06043e-e26d-42bd-9598-2577563f633c,,,,,,,,,,,2025-06-26
1906,2025-06-26 11:16:16,42.438837,-76.495509,2025-06-26 11:16:22.350,11,1108,7,Green Commons,165,,786fc8e9-5cbe-455b-93c0-c00344572d10,,,,,,,,,,,2025-06-26
1906,2025-06-26 11:16:16,42.438837,-76.495509,2025-06-26 11:16:22.350,11,1108,7,Green Commons,165,,c56b19a1-87db-4ed8-9f12-c6f06617c183,,,,,,,,,,,2025-06-26
1906,2025-06-26 11:16:16,42.438837,-76.495509,2025-06-26 11:16:22.350,11,1108,7,Green Commons,165,,9d4c063c-dbee-4d84-a4a9-a2efd24ac2cb,,,,,,,,,,,2025-06-26
1906,2025-06-26 11:16:16,42.438837,-76.495509,2025-06-26 11:16:22.350,11,1108,7,Green Commons,165,,d7a9e87e-6baa-4415-9c26-1dac92c1232f,,,,,,,,,,,2025-06-26
1906,2025-06-26 11:16:16,42.438837,-76.495509,2025-06-26 11:16:22.350,11,1108,7,Green Commons,165,,91605021-3edd-4d9a-80ec-3673a2d35dd3,,,,,,,,,,,2025-06-26
1906,2025-06-26 11:16:16,42.438837,-76.495509,2025-06-26 11:16:22.350,11,1108,7,Green Commons,165,,e58f0d46-0ce5-4705-a9aa-a19bbce4967b,,,,,,,,,,,2025-06-26
1906,2025-06-26 11:16:16,42.438837,-76.495509,2025-06-26 11:16:22.350,11,1108,7,Green Commons,165,,dac265a4-3d5e-402c-b2de-23f3bcb20fba,,,,,,,,,,,2025-06-26
1906,2025-06-26 11:39:04,42.424457,-76.494862,2025-06-26 11:39:10.413,11,1124,3,Roy Park IC,339,,4419d85f-0c51-402f-a5ee-55cc43e60306,,,,,,,,,,,2025-06-26
1906,2025-06-26 11:39:04,42.424457,-76.494862,2025-06-26 11:39:10.413,11,1124,3,Roy Park IC,339,,a75a41a4-0477-4efc-bfac-745f5f6e3dd2,,,,,,,,,,,2025-06-26
1906,2025-06-26 12:01:28,42.438787,-76.496032,2025-06-26 12:01:32.753,14,1200,7,Green Commons,165,,45110230-61fc-419b-9dcb-f3f599376f58,,,,,,,,,,,2025-06-26
1906,2025-06-26 12:01:28,42.438787,-76.496032,2025-06-26 12:01:32.753,14,1200,7,Green Commons,165,,eb1de7bc-fa5a-4bdc-86b0-d150cba564e5,,,,,,,,,,,2025-06-26
1906,2025-06-26 12:01:28,42.438787,-76.496032,2025-06-26 12:01:32.753,14,1200,7,Green Commons,165,,0e1dc02f-93af-477b-b50e-5c8d72e7938b,,,,,,,,,,,2025-06-26
1906,2025-06-26 12:26:26,42.469125,-76.538858,2025-06-26 12:26:33.043,14,1226,3,Cayuga Med ER,2545,,9e21cef4-381b-40c7-9a9b-39f1b27d711e,,,,,,,,,,,2025-06-26
1906,2025-06-26 12:46:21,42.437182,-76.521216,2025-06-26 12:46:28.250,14,1226,3,Elm @ W Vill,713,,1f7aa20f-9e41-446b-8c2b-00510e6cd321,,,,,,,,,,,2025-06-26
1906,2025-06-26 12:46:21,42.437182,-76.521216,2025-06-26 12:46:28.250,14,1226,3,Elm @ W Vill,713,,f4967874-5151-4dc3-8650-adbeaddace09,,,,,,,,,,,2025-06-26
1906,2025-06-26 13:09:32,42.438883,-76.496011,2025-06-26 13:09:37.900,11,1308,7,Green Commons,165,,8004c596-1cf3-46df-a2b8-f0cc74503033,,,,,,,,,,,2025-06-26
1906,2025-06-26 13:09:32,42.438883,-76.496011,2025-06-26 13:09:37.900,11,1308,7,Green Commons,165,,e6cdbc59-9f23-4583-a401-360f723c74a6,,,,,,,,,,,2025-06-26
1906,2025-06-26 13:09:32,42.438883,-76.496011,2025-06-26 13:09:37.900,11,1308,7,Green Commons,165,,5d180cf5-35df-4e9d-8b1e-2df497d396e3,,,,,,,,,,,2025-06-26
1906,2025-06-26 13:09:32,42.438883,-76.496011,2025-06-26 13:09:37.900,11,1308,7,Green Commons,165,,776738dd-abd7-4b7f-b9d8-3f070fc74eec,,,,,,,,,,,2025-06-26
1906,2025-06-26 13:09:32,42.438883,-76.496011,2025-06-26 13:09:37.900,11,1308,7,Green Commons,165,,40bf0bfb-73f6-4ac8-a005-c807c8bedc70,,,,,,,,,,,2025-06-26
1906,2025-06-26 13:09:32,42.438883,-76.496011,2025-06-26 13:09:37.900,11,1308,7,Green Commons,165,,d0b80846-199d-4152-87e6-b969cc674a7b,,,,,,,,,,,2025-06-26
1906,2025-06-26 13:09:32,42.438883,-76.496011,2025-06-26 13:09:37.900,11,1308,7,Green Commons,165,,0cd8e583-955f-4d73-b329-e00e20857db2,,,,,,,,,,,2025-06-26
1906,2025-06-26 13:13:05,42.439071,-76.495357,2025-06-26 13:13:11.057,11,1308,7,Aurora Commons,172,,5d9d63c3-cc50-49b2-a5eb-d432f3248205,,,,,,,,,,,2025-06-26
1906,2025-06-26 13:24:55,42.423825,-76.501201,2025-06-26 13:25:00.050,11,1308,7,S Hill Biz Pk,361,,43a2874c-74c7-4e05-a9c7-d9246c6c062d,,,,,,,,,,,2025-06-26
1906,2025-06-26 13:32:19,42.411418,-76.498963,2025-06-26 13:32:24.493,11,1327,3,College Circle,374,,c43a44ec-9f65-4ee3-8e43-b6b513ce1ee5,,,,,,,,,,,2025-06-26
1906,2025-06-26 13:50:02,42.440408,-76.497566,2025-06-26 13:50:09.140,11,1327,3,Seneca Commons,100,,b75271d8-3c2d-4743-b898-b9a5f05fb8a1,,,,,,,,,,,2025-06-26
1906,2025-06-26 14:02:09,42.438773,-76.496007,2025-06-26 14:02:15.240,14,1400,7,Green Commons,165,,971e6673-e238-4756-8fc0-ef850430bc2f,,,,,,,,,,,2025-06-26
1906,2025-06-26 14:02:09,42.438773,-76.496007,2025-06-26 14:02:15.240,14,1400,7,Green Commons,165,,f02c247d-30db-4312-87e4-95c71a0136ce,,,,,,,,,,,2025-06-26
1906,2025-06-26 14:02:09,42.438773,-76.496007,2025-06-26 14:02:15.240,14,1400,7,Green Commons,165,,9aed1ccb-bcc4-4809-b479-1a158edbbc6e,,,,,,,,,,,2025-06-26
1906,2025-06-26 14:02:09,42.438773,-76.496007,2025-06-26 14:02:15.240,14,1400,7,Green Commons,165,,dedd0dba-a531-47e7-ae84-d46447fbeb89,,,,,,,,,,,2025-06-26
1906,2025-06-26 14:36:39,42.463045,-76.533772,2025-06-26 14:36:44.303,14,1400,7,1229 Trumansbur,2533,,0c20aac8-de29-4038-b377-563aa56e8b0a,,,,,,,,,,,2025-06-26
1906,2025-06-26 14:39:23,42.465254,-76.540977,2025-06-26 14:39:28.753,14,1400,7,Overlook Apts,2542,,d36640d4-71b3-416e-9c46-b7eb9ab960ec,,,,,,,,,,,2025-06-26
1906,2025-06-26 14:39:23,42.465254,-76.540977,2025-06-26 14:39:28.753,14,1400,7,Overlook Apts,2542,,2e427bee-0d3b-46e7-9d41-5717ccbfcf0e,,,,,,,,,,,2025-06-26
1906,2025-06-26 14:47:09,42.467875,-76.538978,2025-06-26 14:47:15.097,14,1435,3,Professional Bu,2557,,a8e0ec47-7bc6-4d7d-8d04-208c9859f1aa,,,,,,,,,,,2025-06-26
1906,2025-06-26 14:57:31,42.437141,-76.521293,2025-06-26 14:57:36.533,14,1435,3,Elm @ W Vill,713,,8c59897d-8f9f-473f-9845-00757b8891d5,,,,,,,,,,,2025-06-26
1906,2025-06-26 15:12:45,42.438779,-76.496070,2025-06-26 15:12:51.290,11,1508,7,Green Commons,165,,877844f4-5ba3-4939-8aa4-c0af57cd001f,,,,,,,,,,,2025-06-26
1906,2025-06-26 15:12:45,42.438779,-76.496070,2025-06-26 15:12:51.290,11,1508,7,Green Commons,165,,fac64a9b-3d15-4187-82ce-0a914e9bb367,,,,,,,,,,,2025-06-26
1906,2025-06-26 15:12:45,42.438779,-76.496070,2025-06-26 15:12:51.290,11,1508,7,Green Commons,165,,8236a5b9-7054-46d0-8a2c-6870bd02809f,,,,,,,,,,,2025-06-26
1906,2025-06-26 15:35:17,42.420255,-76.494857,2025-06-26 15:35:23.983,11,1527,3,Towers IC,349,,53ec673e-eb55-4482-8192-72e9caaf9695,,,,,,,,,,,2025-06-26
1906,2025-06-26 16:00:55,42.438850,-76.496115,2025-06-26 16:01:01.283,14,1600,7,Green Commons,165,,abd5810c-4c90-4d90-a046-fe2161be1b0d,,,,,,,,,,,2025-06-26
1906,2025-06-26 16:00:55,42.438850,-76.496115,2025-06-26 16:01:01.283,14,1600,7,Green Commons,165,,25fecfb8-93ed-4e8c-9116-eb426267fc19,,,,,,,,,,,2025-06-26
1906,2025-06-26 16:22:26,42.450604,-76.530844,2025-06-26 16:22:31.850,14,1600,7,Conifer Village,738,,a519873f-46a3-46d6-97c0-d408414a778b,,,,,,,,,,,2025-06-26
1906,2025-06-26 16:22:26,42.450604,-76.530844,2025-06-26 16:22:31.850,14,1600,7,Conifer Village,738,,e17d2a6a-6cba-4207-995b-5b1d0b2b34e8,,,,,,,,,,,2025-06-26
1906,2025-06-26 16:35:21,42.469135,-76.538819,2025-06-26 16:35:27.257,14,1635,3,Cayuga Med ER,2545,,2631a5ec-18d1-4ddb-bf60-000a7f80bc58,,,,,,,,,,,2025-06-26
1906,2025-06-26 16:50:29,42.439736,-76.512741,2025-06-26 16:50:33.887,14,1635,3,State/MLK @ Inl,669,,ed7ead5c-0e3a-4332-8404-d0a1ed87b4dc,,,,,,,,,,,2025-06-26
1906,2025-06-26 17:09:30,42.438746,-76.496056,2025-06-26 17:09:36.523,11,1708,7,Green Commons,165,,4bbcdb67-eaab-4266-b776-38e7e7fad2f3,,,,,,,,,,,2025-06-26
1906,2025-06-26 17:09:30,42.438746,-76.496056,2025-06-26 17:09:36.523,11,1708,7,Green Commons,165,,95d0cf6a-f61d-4f56-96f4-3e3bcce1bc9f,,,,,,,,,,,2025-06-26
1906,2025-06-26 18:00:55,42.438760,-76.496087,2025-06-26 18:01:01.403,14,1800,7,Green Commons,165,,3b1b5d60-ac94-41e1-ae2b-02f8778af59c,,,,,,,,,,,2025-06-26
1906,2025-06-26 18:04:44,42.440410,-76.497514,2025-06-26 18:04:50.247,14,1800,7,Seneca Commons,100,,b299db3e-69ba-450a-879d-87f2e4a0e539,,,,,,,,,,,2025-06-26
1906,2025-06-26 18:04:44,42.440410,-76.497514,2025-06-26 18:04:50.247,14,1800,7,Seneca Commons,100,,aed8f3db-791e-45c0-a2d2-0121c7d2153d,,,,,,,,,,,2025-06-26
1906,2025-06-26 18:12:38,42.441139,-76.515031,2025-06-26 18:12:44.833,14,1800,7,State/MLK at In,679,,af8c40d9-658d-4379-a8d2-f39805acaf39,,,,,,,,,,,2025-06-26
1906,2025-06-26 18:12:38,42.441139,-76.515031,2025-06-26 18:12:44.833,14,1800,7,State/MLK at In,679,,67a1d3b4-46f7-4a66-8af9-2afd4a7fe264,,,,,,,,,,,2025-06-26
1906,2025-06-26 18:12:38,42.441139,-76.515031,2025-06-26 18:12:44.833,14,1800,7,State/MLK at In,679,,aeee5f71-e949-41d8-b130-c53864eed2f7,,,,,,,,,,,2025-06-26
1906,2025-06-26 18:12:38,42.441139,-76.515031,2025-06-26 18:12:44.833,14,1800,7,State/MLK at In,679,,956ff147-d21c-4f6c-a947-6b354193cd99,,,,,,,,,,,2025-06-26
1906,2025-06-26 18:12:38,42.441139,-76.515031,2025-06-26 18:12:44.833,14,1800,7,State/MLK at In,679,,2dafa043-5253-472e-9b81-eebc116e53fa,,,,,,,,,,,2025-06-26
1906,2025-06-26 18:18:15,42.436244,-76.522176,2025-06-26 18:18:21.643,14,1800,7,W Vill Parking,715,,8f104511-352a-4dee-b12f-9df11bd9c165,,,,,,,,,,,2025-06-26
1906,2025-06-26 18:18:15,42.436244,-76.522176,2025-06-26 18:18:21.643,14,1800,7,W Vill Parking,715,,65cd3863-57ea-470c-8b45-50cce9f0d67d,,,,,,,,,,,2025-06-26
1906,2025-06-26 18:31:16,42.460351,-76.529325,2025-06-26 18:31:22.367,14,1800,7,Candlewyck Park,2511,,62a53f6a-44a2-433a-8c7e-d6b56f9ffb0d,,,,,,,,,,,2025-06-26
1906,2025-06-26 18:36:58,42.464972,-76.540880,2025-06-26 18:37:04.797,14,1800,7,Undefined,0,,016a5cf7-53e6-483c-9bad-05f957d982d9,,,,,,,,,,,2025-06-26
1906,2025-06-26 18:36:58,42.464972,-76.540880,2025-06-26 18:37:04.797,14,1800,7,Undefined,0,,ba40c8f7-8bb8-4580-8e62-01178edde025,,,,,,,,,,,2025-06-26
1906,2025-06-26 19:08:25,42.438726,-76.496082,2025-06-26 19:08:33.303,11,1908,7,Green Commons,165,,8957cab9-d9a9-44d8-9f8f-9b481d827bd7,,,,,,,,,,,2025-06-26
1906,2025-06-26 19:08:25,42.438726,-76.496082,2025-06-26 19:08:33.303,11,1908,7,Green Commons,165,,8913172c-1b84-4538-aa60-49bb5ffea41c,,,,,,,,,,,2025-06-26
1906,2025-06-26 20:00:39,42.438709,-76.496079,2025-06-26 20:00:43.737,14,2000,7,Green Commons,165,,74180e76-0484-4249-b7ce-8b4c72915235,,,,,,,,,,,2025-06-26
1906,2025-06-26 20:00:39,42.438709,-76.496079,2025-06-26 20:00:43.737,14,2000,7,Green Commons,165,,cb5ff5f7-28e6-48d5-b510-e5cf0944b987,,,,,,,,,,,2025-06-26
1906,2025-06-26 20:00:39,42.438709,-76.496079,2025-06-26 20:00:43.737,14,2000,7,Green Commons,165,,7f027144-1beb-4283-a808-0984f4ae4561,,,,,,,,,,,2025-06-26
1906,2025-06-26 20:00:39,42.438709,-76.496079,2025-06-26 20:00:43.737,14,2000,7,Green Commons,165,,b0e51941-73a5-4a94-bc10-be3edb30ab31,,,,,,,,,,,2025-06-26
1906,2025-06-26 20:00:39,42.438709,-76.496079,2025-06-26 20:00:43.737,14,2000,7,Green Commons,165,,f3f3ef29-5b6c-4857-b342-61ea62349fcd,,,,,,,,,,,2025-06-26
1906,2025-06-26 20:00:39,42.438709,-76.496079,2025-06-26 20:00:43.737,14,2000,7,Green Commons,165,,dc80ccea-ce0a-4d26-a948-94772c61ccd8,,,,,,,,,,,2025-06-26
1906,2025-06-26 20:03:21,42.440467,-76.497613,2025-06-26 20:03:26.810,14,2000,7,Seneca Commons,100,,2c278026-0660-4721-af47-9ce2bf081ee1,,,,,,,,,,,2025-06-26
1906,2025-06-26 20:35:21,42.469147,-76.538833,2025-06-26 20:35:25.780,14,2035,3,Cayuga Med ER,2545,,99ccfe91-8fef-4732-9675-3c5a8b80056d,,,,,,,,,,,2025-06-26
1907,2025-06-26 12:00:39,42.438714,-76.496081,2025-06-26 12:00:44.313,30,1200,7,Green Commons,165,,652ade2e-7c04-40c1-bab5-e9c9953e0d5b,,,,,,,,,,,2025-06-26
1907,2025-06-26 12:00:39,42.438714,-76.496081,2025-06-26 12:00:44.313,30,1200,7,Green Commons,165,,c576fdbf-c15e-427d-9093-f1492860a40e,,,,,,,,,,,2025-06-26
1907,2025-06-26 12:00:39,42.438714,-76.496081,2025-06-26 12:00:44.313,30,1200,7,Green Commons,165,,5662468b-fd01-490f-a916-c93d340bdbae,,,,,,,,,,,2025-06-26
1907,2025-06-26 13:16:35,42.438749,-76.496129,2025-06-26 13:16:39.790,30,1315,7,Green Commons,165,,5d0eb876-9a45-463f-b244-e3f3ff717239,,,,,,,,,,,2025-06-26
1907,2025-06-26 13:16:35,42.438749,-76.496129,2025-06-26 13:16:39.790,30,1315,7,Green Commons,165,,6eb95960-34c5-4c31-b56f-f2b322f2c1e9,,,,,,,,,,,2025-06-26
1907,2025-06-26 13:16:35,42.438749,-76.496129,2025-06-26 13:16:39.790,30,1315,7,Green Commons,165,,79f226a5-3ea8-49b4-adc3-0f47da1b7dd2,,,,,,,,,,,2025-06-26
1907,2025-06-26 13:27:11,42.450420,-76.482881,2025-06-26 13:27:16.903,30,1315,7,Rockefeller Hal,1525,,194bdbbf-1a58-4b5c-af3e-1953f4d5ad44,,,,,,,,,,,2025-06-26
1907,2025-06-26 13:50:26,42.482141,-76.489297,2025-06-26 13:50:29.443,30,1350,3,Ithaca Mall,3588,,c1676dad-2852-4a3d-8514-0f9677a5ddfa,,,,,,,,,,,2025-06-26
1907,2025-06-26 13:50:26,42.482141,-76.489297,2025-06-26 13:50:29.443,30,1350,3,Ithaca Mall,3588,,48717207-65f5-4771-a0bd-c2b67465fe58,,,,,,,,,,,2025-06-26
1907,2025-06-26 13:50:26,42.482141,-76.489297,2025-06-26 13:50:29.443,30,1350,3,Ithaca Mall,3588,,d24dc9fb-9cc0-422a-87ea-9d91e16f6c61,,,,,,,,,,,2025-06-26
1907,2025-06-26 13:50:26,42.482141,-76.489297,2025-06-26 13:50:29.443,30,1350,3,Ithaca Mall,3588,,cfbc3009-adb0-4bf1-ba6a-0a6d495475e1,,,,,,,,,,,2025-06-26
1907,2025-06-26 13:50:26,42.482141,-76.489297,2025-06-26 13:50:29.443,30,1350,3,Ithaca Mall,3588,,efc782c3-742a-4c6d-8241-ead673f18ff5,,,,,,,,,,,2025-06-26
1907,2025-06-26 14:30:37,42.438745,-76.496005,2025-06-26 14:30:40.873,30,1430,7,Green Commons,165,,23693cfa-929a-49d0-83bd-f8a678e00f1d,,,,,,,,,,,2025-06-26
1907,2025-06-26 14:30:37,42.438745,-76.496005,2025-06-26 14:30:40.873,30,1430,7,Green Commons,165,,a907abfd-6970-4c86-9ac1-9a7399a9b607,,,,,,,,,,,2025-06-26
1907,2025-06-26 14:30:37,42.438745,-76.496005,2025-06-26 14:30:40.873,30,1430,7,Green Commons,165,,5f3077e7-b988-497c-941f-d4ed07812aee,,,,,,,,,,,2025-06-26
1907,2025-06-26 14:42:21,42.450353,-76.482888,2025-06-26 14:42:29.067,30,1430,7,Rockefeller Hal,1525,,42cba290-f54f-49e0-96ac-b87692fa7622,,,,,,,,,,,2025-06-26
1907,2025-06-26 15:45:44,42.438795,-76.496083,2025-06-26 15:45:48.603,30,1545,7,Green Commons,165,,28939665-94a5-4289-a82c-dd8e885bf18e,,,,,,,,,,,2025-06-26
1907,2025-06-26 15:45:44,42.438795,-76.496083,2025-06-26 15:45:48.603,30,1545,7,Green Commons,165,,1850d774-4cdc-44a9-b81e-5426cf4ba17f,,,,,,,,,,,2025-06-26
1907,2025-06-26 15:47:38,42.439250,-76.489977,2025-06-26 15:47:43.543,30,1545,7,State/MLK @ Ste,1701,,225b6e0f-f218-4492-8cf2-a9375880859f,,,,,,,,,,,2025-06-26
1907,2025-06-26 16:20:47,42.482106,-76.489285,2025-06-26 16:20:53.903,30,1620,3,Ithaca Mall,3588,,92b5c539-8e2c-4a76-981a-1d5e96db3f0b,,,,,,,,,,,2025-06-26
1907,2025-06-26 16:20:47,42.482106,-76.489285,2025-06-26 16:20:53.903,30,1620,3,Ithaca Mall,3588,,b0821008-cbcf-4235-b141-c29e22b2bc17,,,,,,,,,,,2025-06-26
1907,2025-06-26 16:20:47,42.482106,-76.489285,2025-06-26 16:20:53.903,30,1620,3,Ithaca Mall,3588,,267197dd-725b-4b0c-a33a-76089df4ed45,,,,,,,,,,,2025-06-26
1907,2025-06-26 17:00:35,42.438676,-76.496266,2025-06-26 17:00:38.523,30,1700,7,Green Commons,165,,417a8459-4f3d-4492-9bcc-4c762df391d0,,,,,,,,,,,2025-06-26
1907,2025-06-26 17:00:35,42.438676,-76.496266,2025-06-26 17:00:38.523,30,1700,7,Green Commons,165,,cd56ac21-9e5c-46b9-9c95-239c4a74518d,,,,,,,,,,,2025-06-26
1907,2025-06-26 17:00:35,42.438676,-76.496266,2025-06-26 17:00:38.523,30,1700,7,Green Commons,165,,c1608832-582c-48fa-8347-883fbcdefd8a,,,,,,,,,,,2025-06-26
1907,2025-06-26 17:00:35,42.438676,-76.496266,2025-06-26 17:00:38.523,30,1700,7,Green Commons,165,,b4af82ef-605b-41e1-a997-28149ff2b2f3,,,,,,,,,,,2025-06-26
1907,2025-06-26 17:35:25,42.482091,-76.489266,2025-06-26 17:35:29.003,30,1735,3,Ithaca Mall,3588,,d324595b-dbee-4064-890d-5538634dfbb7,,,,,,,,,,,2025-06-26
1907,2025-06-26 17:35:25,42.482091,-76.489266,2025-06-26 17:35:29.003,30,1735,3,Ithaca Mall,3588,,7dab3ca5-b5e2-4863-acf9-16e6a2dc4a1b,,,,,,,,,,,2025-06-26
1907,2025-06-26 18:15:35,42.438710,-76.496215,2025-06-26 18:15:40.587,30,1815,7,Green Commons,165,,bedaae43-8284-4087-962e-e35691edbcce,,,,,,,,,,,2025-06-26
1907,2025-06-26 18:15:35,42.438710,-76.496215,2025-06-26 18:15:40.587,30,1815,7,Green Commons,165,,061b7496-7cb7-409e-b1a9-c34206f37ada,,,,,,,,,,,2025-06-26
1907,2025-06-26 18:15:35,42.438710,-76.496215,2025-06-26 18:15:40.587,30,1815,7,Green Commons,165,,23ce1b51-8ac1-41d2-bf0a-0a803039e423,,,,,,,,,,,2025-06-26
1907,2025-06-26 18:21:20,42.443143,-76.485253,2025-06-26 18:21:25.053,30,1815,7,College @ Oak,1719,,0795690c-5c60-4470-9674-1550928f6785,,,,,,,,,,,2025-06-26
1907,2025-06-26 18:21:20,42.443143,-76.485253,2025-06-26 18:21:25.053,30,1815,7,College @ Oak,1719,,52b2702b-ba77-4a68-9ae7-48255a680b55,,,,,,,,,,,2025-06-26
1907,2025-06-26 18:21:20,42.443143,-76.485253,2025-06-26 18:21:25.053,30,1815,7,College @ Oak,1719,,3317f5fb-5c81-41a8-8251-fafc9cc1d9b1,,,,,,,,,,,2025-06-26
1907,2025-06-26 18:50:36,42.482109,-76.489299,2025-06-26 18:50:40.133,30,1850,3,Ithaca Mall,3588,,d00d70f2-31c9-47f6-b4c6-d102c749fc97,,,,,,,,,,,2025-06-26
1907,2025-06-26 20:35:20,42.438734,-76.496107,2025-06-26 20:35:26.693,30,2035,7,Green Commons,165,,3e6b7521-b951-49db-970a-d494d2375572,,,,,,,,,,,2025-06-26
1907,2025-06-26 20:35:20,42.438734,-76.496107,2025-06-26 20:35:26.693,30,2035,7,Green Commons,165,,323ee775-a50f-4bb8-bbfe-83e7dc965faf,,,,,,,,,,,2025-06-26
1907,2025-06-26 20:35:20,42.438734,-76.496107,2025-06-26 20:35:26.693,30,2035,7,Green Commons,165,,a3236127-fe9c-4539-90b0-d9c6f9f6a758,,,,,,,,,,,2025-06-26
1907,2025-06-26 20:45:15,42.450375,-76.482906,2025-06-26 20:45:19.067,30,2035,7,Rockefeller Hal,1525,,2f3cc180-da43-4054-a72a-f4d88102e94c,,,,,,,,,,,2025-06-26
1907,2025-06-26 21:08:26,42.482169,-76.489257,2025-06-26 21:08:30.510,30,2107,3,Ithaca Mall,3588,,5c631632-8ad5-4858-b8f6-d3979cf26ff0,,,,,,,,,,,2025-06-26
1907,2025-06-26 21:08:26,42.482169,-76.489257,2025-06-26 21:08:30.510,30,2107,3,Ithaca Mall,3588,,5d73a974-4807-4421-985f-9a101b71d08c,,,,,,,,,,,2025-06-26
1907,2025-06-26 21:08:26,42.482169,-76.489257,2025-06-26 21:08:30.510,30,2107,3,Ithaca Mall,3588,,95a1ac3c-f07f-4281-b8c8-c9a81f71edf5,,,,,,,,,,,2025-06-26
1907,2025-06-26 22:57:11,42.438705,-76.495986,2025-06-26 22:57:15.507,30,2255,7,Green Commons,165,,5ac9120d-7a38-48dc-824d-42311399878e,,,,,,,,,,,2025-06-26
1907,2025-06-26 22:57:11,42.438705,-76.495986,2025-06-26 22:57:15.507,30,2255,7,Green Commons,165,,e2af964d-93da-47b8-bd75-1267c93a0b75,,,,,,,,,,,2025-06-26
1907,2025-06-26 23:28:40,42.482252,-76.488578,2025-06-26 23:28:47.000,30,2327,3,Ithaca Mall,3588,,0eb72d6e-f554-40e6-a73e-eb9a7cf82288,,,,,,,,,,,2025-06-26
1909,2025-06-26 06:18:19,42.452707,-76.505760,2025-06-26 06:18:20.943,17,618,3,TCAT Office,998,,5b946775-ca26-4eb4-8e49-4b55c3e77ef2,,,,,,,,,,,2025-06-26
1909,2025-06-26 07:30:42,42.438660,-76.496057,2025-06-26 07:30:43.227,30,730,7,Green Commons,165,,c5f481c9-bee2-49ee-9e02-a73a759889b5,,,,,,,,,,,2025-06-26
1909,2025-06-26 07:30:42,42.438660,-76.496057,2025-06-26 07:30:43.227,30,730,7,Green Commons,165,,c613ef39-731f-41fd-b861-064b210e4d18,,,,,,,,,,,2025-06-26
1909,2025-06-26 07:30:42,42.438660,-76.496057,2025-06-26 07:30:43.227,30,730,7,Green Commons,165,,a08d9582-7d37-46ec-9e60-dcfb9b2e687e,,,,,,,,,,,2025-06-26
1909,2025-06-26 08:05:36,42.482156,-76.489293,2025-06-26 08:05:39.567,30,805,3,Ithaca Mall,3588,,5a0bbfe8-3d83-4c8c-a9a1-59f30b19f182,,,,,,,,,,,2025-06-26
1909,2025-06-26 08:44:44,42.438739,-76.495917,2025-06-26 08:44:50.183,40,844,7,Green Commons,165,,189eb3d1-f208-439e-842c-38a0d9ff60e1,,,,,,,,,,,2025-06-26
1909,2025-06-26 08:44:44,42.438739,-76.495917,2025-06-26 08:44:50.183,40,844,7,Green Commons,165,,d30a4649-2a86-4e6a-8c18-62477cea2a75,,,,,,,,,,,2025-06-26
1909,2025-06-26 10:05:44,42.440467,-76.497600,2025-06-26 10:05:46.053,21,1005,7,Seneca Commons,100,,73b6f8f4-351e-4721-8589-137293e2a15e,,,,,,,,,,,2025-06-26
2101,2025-06-26 16:33:15,42.452660,-76.505653,2025-06-26 16:33:17.173,17,1623,3,TCAT Office,998,,e8c43389-08e4-4b0a-80d5-96e7edf26fe2,,,,,,,,,,,2025-06-26
2101,2025-06-26 16:33:15,42.452660,-76.505653,2025-06-26 16:33:17.173,17,1623,3,TCAT Office,998,,56ce4990-bcc1-4935-8f46-0b8a737c0bc3,,,,,,,,,,,2025-06-26
2101,2025-06-26 16:41:53,42.439008,-76.501726,2025-06-26 16:41:55.617,17,1623,3,Albany at Salva,112,,c2bd2b35-d0e2-4437-8124-2a2ad21b456e,,,,,,,,,,,2025-06-26
2101,2025-06-26 17:37:10,42.482136,-76.489251,2025-06-26 17:37:12.650,30,1730,3,Ithaca Mall,3588,,726ea969-8bed-4708-b42e-b928c7250192,,,,,,,,,,,2025-06-26
2101,2025-06-26 18:13:45,42.438732,-76.496102,2025-06-26 18:13:46.897,11,1808,7,Green Commons,165,,be182048-558a-456c-a0f9-1e8bb887abb7,,,,,,,,,,,2025-06-26
2101,2025-06-26 18:13:45,42.438732,-76.496102,2025-06-26 18:13:46.897,11,1808,7,Green Commons,165,,32c0135b-23e9-4e6f-b668-2f3d4738b3d0,,,,,,,,,,,2025-06-26
2101,2025-06-26 18:13:45,42.438732,-76.496102,2025-06-26 18:13:46.897,11,1808,7,Green Commons,165,,19f93330-83a0-4656-b82a-ce9d9e354a44,,,,,,,,,,,2025-06-26
2101,2025-06-26 18:17:39,42.439068,-76.495398,2025-06-26 18:17:40.977,11,1808,7,Aurora Commons,172,,928a0541-2f71-4400-b595-85e24c28d4f6,,,,,,,,,,,2025-06-26
2101,2025-06-26 18:33:01,42.423778,-76.501211,2025-06-26 18:33:03.757,11,1808,7,S Hill Biz Pk,361,,654ef722-8723-4585-94a9-9d37058c4868,,,,,,,,,,,2025-06-26
2101,2025-06-26 19:18:14,42.440432,-76.497444,2025-06-26 19:18:17.617,14,1900,7,Seneca Commons,100,,b7ef9114-96de-42d0-b465-c0a8bf0cd71e,,,,,,,,,,,2025-06-26
2101,2025-06-26 19:21:11,42.439454,-76.502701,2025-06-26 19:21:14.580,14,1900,7,Albany at Salva,112,,4876d780-31b9-4af3-a32d-fca5aa2616ab,,,,,,,,,,,2025-06-26
2101,2025-06-26 19:25:50,42.441023,-76.514833,2025-06-26 19:25:53.760,14,1900,7,State/MLK at In,679,,42213d4e-86da-4ef5-857f-85f6f7daf740,,,,,,,,,,,2025-06-26
2101,2025-06-26 19:25:50,42.441023,-76.514833,2025-06-26 19:25:53.760,14,1900,7,State/MLK at In,679,,dd8e8d10-4fb0-45b6-9257-d98bb935caad,,,,,,,,,,,2025-06-26
2101,2025-06-26 19:25:50,42.441023,-76.514833,2025-06-26 19:25:53.760,14,1900,7,State/MLK at In,679,,4fff156b-5081-46e2-a153-5cfcff6e741e,,,,,,,,,,,2025-06-26
2101,2025-06-26 20:15:10,42.437128,-76.521373,2025-06-26 20:15:13.767,14,1935,3,Elm @ W Vill,713,,bd164ff0-d896-4ccd-b105-8fa63cafba29,,,,,,,,,,,2025-06-26
2101,2025-06-26 20:53:38,42.414009,-76.500653,2025-06-26 20:53:41.690,11,2020,3,Undefined,0,,1bb7aced-10d5-447e-8b84-a26f56cabead,,,,,,,,,,,2025-06-26
2101,2025-06-26 20:53:38,42.414009,-76.500653,2025-06-26 20:53:41.690,11,2020,3,Undefined,0,,f1a48bd0-eed9-4cc5-a422-21d6b50a0565,,,,,,,,,,,2025-06-26
2202,2025-06-26 09:43:37,42.457945,-76.477765,2025-06-26 09:43:39.613,81,939,8,A Lot,1353,,92049e84-3531-4926-9c75-f2f7859f6152,,,,,,,,,,,2025-06-26
2202,2025-06-26 09:43:37,42.457945,-76.477765,2025-06-26 09:43:39.613,81,939,8,A Lot,1353,,d5cf8148-9d52-4018-8739-0fba0a34821c,,,,,,,,,,,2025-06-26
2202,2025-06-26 09:43:37,42.457945,-76.477765,2025-06-26 09:43:39.613,81,939,8,A Lot,1353,,42088cb7-f80b-4e47-8abb-18f9dae8d833,,,,,,,,,,,2025-06-26
2202,2025-06-26 09:46:48,42.455682,-76.471835,2025-06-26 09:46:50.523,81,939,8,Hasbrouck Apts,1349,,bbc4271a-de20-4c1c-8f0d-b30e9e934fca,,,,,,,,,,,2025-06-26
2202,2025-06-26 09:46:48,42.455682,-76.471835,2025-06-26 09:46:50.523,81,939,8,Hasbrouck Apts,1349,,799ba665-247e-40ac-a3b7-9a97c8665448,,,,,,,,,,,2025-06-26
2202,2025-06-26 10:04:18,42.447539,-76.470244,2025-06-26 10:04:20.433,81,1002,6,Dairy Bar,1547,,fe3f4506-a94b-47ad-a062-3bd7155c81d2,,,,,,,,,,,2025-06-26
2202,2025-06-26 10:04:18,42.447539,-76.470244,2025-06-26 10:04:20.433,81,1002,6,Dairy Bar,1547,,c14383d4-185d-40dd-94a2-780bec79109e,,,,,,,,,,,2025-06-26
2202,2025-06-26 10:15:55,42.457945,-76.477779,2025-06-26 10:15:57.683,81,1015,8,A Lot,1353,,eb8c6d05-08e5-48c2-be1d-68cc795d5a1e,,,,,,,,,,,2025-06-26
2202,2025-06-26 10:21:27,42.453269,-76.478139,2025-06-26 10:21:28.953,81,1015,8,Appel Commons,1330,,c365cc33-0395-430b-b70c-3f1d81a0f4e2,,,,,,,,,,,2025-06-26
2202,2025-06-26 10:23:10,42.451615,-76.481688,2025-06-26 10:23:13.717,81,1015,8,Risley Hall - S,1326,,653c43f4-17bf-4da3-a64d-ac83c87c2ada,,,,,,,,,,,2025-06-26
2202,2025-06-26 10:26:30,42.447590,-76.481237,2025-06-26 10:26:33.707,81,1015,8,Uris Hall,1541,,194d0f99-785a-4457-8c39-27c0304ada1b,,,,,,,,,,,2025-06-26
2202,2025-06-26 10:26:30,42.447590,-76.481237,2025-06-26 10:26:33.707,81,1015,8,Uris Hall,1541,,84ee311c-540c-48db-80af-1181c5919680,,,,,,,,,,,2025-06-26
2202,2025-06-26 10:26:30,42.447590,-76.481237,2025-06-26 10:26:33.707,81,1015,8,Uris Hall,1541,,707bf139-cdb9-4091-8c01-8f69c9ae49c1,,,,,,,,,,,2025-06-26
2202,2025-06-26 10:45:51,42.447570,-76.482580,2025-06-26 10:45:54.093,81,1038,6,Uris Hall Acros,1540,,7b3d713a-71d0-4ebd-a054-faac7c11f4e0,,,,,,,,,,,2025-06-26
2202,2025-06-26 10:45:51,42.447570,-76.482580,2025-06-26 10:45:54.093,81,1038,6,Uris Hall Acros,1540,,fb42ca04-f640-45d7-bf37-7d9abbad2e1d,,,,,,,,,,,2025-06-26
2202,2025-06-26 10:45:51,42.447570,-76.482580,2025-06-26 10:45:54.093,81,1038,6,Uris Hall Acros,1540,,16b890e8-614b-4f8c-8647-e2e24e8b5072,,,,,,,,,,,2025-06-26
2202,2025-06-26 10:45:51,42.447570,-76.482580,2025-06-26 10:45:54.093,81,1038,6,Uris Hall Acros,1540,,f8d6e836-9cf5-4128-ad56-779a705cc699,,,,,,,,,,,2025-06-26
2202,2025-06-26 10:45:51,42.447570,-76.482580,2025-06-26 10:45:54.093,81,1038,6,Uris Hall Acros,1540,,82b3c446-fea9-41d8-83b8-8afa395764c9,,,,,,,,,,,2025-06-26
2202,2025-06-26 10:45:51,42.447570,-76.482580,2025-06-26 10:45:54.093,81,1038,6,Uris Hall Acros,1540,,5ec1736a-6d62-4eb1-ad35-34bd0fb5107d,,,,,,,,,,,2025-06-26
2202,2025-06-26 10:53:34,42.456789,-76.478015,2025-06-26 10:53:36.470,81,1051,8,Northcross @ Je,1342,,a4c68670-707b-4fb8-8bd3-61a889c46a0b,,,,,,,,,,,2025-06-26
2202,2025-06-26 10:56:33,42.455708,-76.471799,2025-06-26 10:56:36.387,81,1051,8,Hasbrouck Apts,1349,,a92b2c96-2d6a-4857-8490-880465d2ce0a,,,,,,,,,,,2025-06-26
2202,2025-06-26 10:56:33,42.455708,-76.471799,2025-06-26 10:56:36.387,81,1051,8,Hasbrouck Apts,1349,,295674f1-4e98-4be8-a923-7a0e90eed066,,,,,,,,,,,2025-06-26
2202,2025-06-26 10:56:33,42.455708,-76.471799,2025-06-26 10:56:36.387,81,1051,8,Hasbrouck Apts,1349,,19744f08-227f-41a9-a64e-0c6389beb864,,,,,,,,,,,2025-06-26
2202,2025-06-26 10:56:33,42.455708,-76.471799,2025-06-26 10:56:36.387,81,1051,8,Hasbrouck Apts,1349,,65e23ac2-466e-40ad-a95d-bdbae8de7192,,,,,,,,,,,2025-06-26
2202,2025-06-26 11:02:37,42.447573,-76.478384,2025-06-26 11:02:40.193,81,1051,8,Corson/Mudd Hal,1543,,2d3da9c4-492e-458b-aa63-108fc6c127ed,,,,,,,,,,,2025-06-26
2202,2025-06-26 11:14:16,42.447522,-76.470248,2025-06-26 11:14:19.507,81,1114,6,Dairy Bar,1547,,7b5fa240-a0f2-40d4-aa97-c41b91c7ce4d,,,,,,,,,,,2025-06-26
2202,2025-06-26 11:22:56,42.450302,-76.482894,2025-06-26 11:22:59.817,81,1114,6,Rockefeller Hal,1525,,5eeb8359-e32f-4a9c-b855-d2ffb1be49dd,,,,,,,,,,,2025-06-26
2202,2025-06-26 11:31:15,42.455697,-76.471787,2025-06-26 11:31:18.253,81,1127,8,Hasbrouck Apts,1349,,ab442aeb-4879-4f35-8534-4a6318d71035,,,,,,,,,,,2025-06-26
2202,2025-06-26 11:36:10,42.448712,-76.482832,2025-06-26 11:36:13.577,81,1127,8,Goldwin Smith,1524,,54e2962c-a2c5-4f93-b2be-03c7d779c41e,,,,,,,,,,,2025-06-26
2202,2025-06-26 11:36:10,42.448712,-76.482832,2025-06-26 11:36:13.577,81,1127,8,Goldwin Smith,1524,,85ea482e-596d-439a-8201-df770929805a,,,,,,,,,,,2025-06-26
2202,2025-06-26 11:51:50,42.447309,-76.466857,2025-06-26 11:51:53.763,81,1150,6,Boyce Thomp,1553,,f2cfb8ce-880a-45ba-831b-0203d1fc9bea,,,,,,,,,,,2025-06-26
2202,2025-06-26 11:53:21,42.445442,-76.467422,2025-06-26 11:53:24.820,81,1150,6,Campus @ Tower,1562,,00dd6274-6c00-4d1d-9a62-7999c3943bf9,,,,,,,,,,,2025-06-26
2202,2025-06-26 12:03:56,42.457921,-76.477780,2025-06-26 12:03:59.640,81,1203,8,A Lot,1353,,5d11578c-50fb-4ad9-8b7c-11a50116ed23,,,,,,,,,,,2025-06-26
2202,2025-06-26 12:07:40,42.455686,-76.471780,2025-06-26 12:07:43.693,81,1203,8,Hasbrouck Apts,1349,,cb48ccb3-1faf-489e-b745-73650a0e3db0,,,,,,,,,,,2025-06-26
2202,2025-06-26 12:07:40,42.455686,-76.471780,2025-06-26 12:07:43.693,81,1203,8,Hasbrouck Apts,1349,,dffe6832-3579-4b81-89fb-10d4ea9c6b28,,,,,,,,,,,2025-06-26
2202,2025-06-26 12:07:40,42.455686,-76.471780,2025-06-26 12:07:43.693,81,1203,8,Hasbrouck Apts,1349,,077d4d0b-5360-4412-852f-ae77a6ca7a20,,,,,,,,,,,2025-06-26
2202,2025-06-26 12:13:27,42.448790,-76.482840,2025-06-26 12:13:30.007,81,1203,8,Goldwin Smith,1524,,a782f614-e91a-44cf-8629-369eb41f1f85,,,,,,,,,,,2025-06-26
2202,2025-06-26 12:27:21,42.447534,-76.470254,2025-06-26 12:27:24.253,81,1226,6,Dairy Bar,1547,,ad151b47-d342-4ad4-b372-8fccbe5975d2,,,,,,,,,,,2025-06-26
2202,2025-06-26 12:27:21,42.447534,-76.470254,2025-06-26 12:27:24.253,81,1226,6,Dairy Bar,1547,,0206799d-5b36-4c93-ba0e-ae2175092397,,,,,,,,,,,2025-06-26
2202,2025-06-26 12:27:21,42.447534,-76.470254,2025-06-26 12:27:24.253,81,1226,6,Dairy Bar,1547,,45a00699-c67e-44c7-b85a-618aefda38ff,,,,,,,,,,,2025-06-26
2202,2025-06-26 12:27:21,42.447534,-76.470254,2025-06-26 12:27:24.253,81,1226,6,Dairy Bar,1547,,7d99b19c-f878-481c-a8d9-842124441a8d,,,,,,,,,,,2025-06-26
2202,2025-06-26 12:31:24,42.447553,-76.472227,2025-06-26 12:31:27.467,81,1226,6,Dairy Bar Acros,1546,,cfdc708e-6d5a-489c-a313-290fece01933,,,,,,,,,,,2025-06-26
2202,2025-06-26 12:31:24,42.447553,-76.472227,2025-06-26 12:31:27.467,81,1226,6,Dairy Bar Acros,1546,,6c60ea0d-7a86-4762-936b-3348d9073696,,,,,,,,,,,2025-06-26
2202,2025-06-26 12:46:02,42.453262,-76.478000,2025-06-26 12:46:05.507,81,1239,8,Appel Commons,1330,,c61ff636-faba-4ebb-af5e-4d3ba97522fc,,,,,,,,,,,2025-06-26
2202,2025-06-26 12:46:02,42.453262,-76.478000,2025-06-26 12:46:05.507,81,1239,8,Appel Commons,1330,,f7558f3e-43fa-44c4-aed1-b8cc9a56b010,,,,,,,,,,,2025-06-26
2202,2025-06-26 13:09:21,42.447613,-76.479951,2025-06-26 13:09:24.030,81,1302,6,Kennedy Hall,1542,,1e53aa91-849f-4b27-9e79-18ff55115a2f,,,,,,,,,,,2025-06-26
2202,2025-06-26 13:11:40,42.450337,-76.482875,2025-06-26 13:11:43.907,81,1302,6,Rockefeller Hal,1525,,e2c0bfc3-6792-41e9-9028-407b361f4a46,,,,,,,,,,,2025-06-26
2202,2025-06-26 13:11:40,42.450337,-76.482875,2025-06-26 13:11:43.907,81,1302,6,Rockefeller Hal,1525,,e099c19b-1966-4e16-9b86-66fa6d347dcb,,,,,,,,,,,2025-06-26
2202,2025-06-26 13:28:39,42.447591,-76.481259,2025-06-26 13:28:42.087,81,1315,8,Uris Hall,1541,,ca730fc6-6137-4f72-804f-3b14a8b56733,,,,,,,,,,,2025-06-26
2202,2025-06-26 13:39:54,42.447301,-76.466843,2025-06-26 13:39:57.487,81,1338,6,Boyce Thomp,1553,,040445d7-8791-4797-9974-ac524b9d29db,,,,,,,,,,,2025-06-26
2202,2025-06-26 13:46:25,42.447567,-76.482596,2025-06-26 13:46:28.317,81,1338,6,Uris Hall Acros,1540,,d128d9ed-dc0a-4af2-b9dc-223a87433cd3,,,,,,,,,,,2025-06-26
2202,2025-06-26 13:47:37,42.450303,-76.482879,2025-06-26 13:47:40.757,81,1338,6,Rockefeller Hal,1525,,2bdf2520-bfa3-4f01-83ed-0dc344843bb3,,,,,,,,,,,2025-06-26
2202,2025-06-26 14:26:09,42.438780,-76.496133,2025-06-26 14:26:12.317,65,1425,7,Green Commons,165,,78c64f8c-6e51-4692-ab00-f6f52e078396,,,,,,,,,,,2025-06-26
2202,2025-06-26 14:28:29,42.439024,-76.495332,2025-06-26 14:28:32.743,65,1425,7,Aurora Commons,172,,c47200cb-3952-49af-be0c-2d8c78f2beac,,,,,,,,,,,2025-06-26
2202,2025-06-26 14:34:49,42.424203,-76.496048,2025-06-26 14:34:52.150,65,1425,7,Roy Park IC,340,,f6123523-85ef-4346-975e-ff9a5293932b,,,,,,,,,,,2025-06-26
2202,2025-06-26 15:02:40,42.395155,-76.497955,2025-06-26 15:02:43.400,65,1453,3,Danby Rd @ Comf,6329,,0e05feb4-ffa3-4f0a-8146-979447677453,,,,,,,,,,,2025-06-26
2202,2025-06-26 15:28:49,42.438696,-76.495954,2025-06-26 15:28:52.243,37,1528,7,Green Commons,165,,f7eac3f5-15c1-4d1d-b1dd-b4cb6391cfe7,,,,,,,,,,,2025-06-26
2202,2025-06-26 15:28:49,42.438696,-76.495954,2025-06-26 15:28:52.243,37,1528,7,Green Commons,165,,485cd49c-56f5-43b5-8a62-61c672dc86f3,,,,,,,,,,,2025-06-26
2202,2025-06-26 15:28:49,42.438696,-76.495954,2025-06-26 15:28:52.243,37,1528,7,Green Commons,165,,92ebb46b-987c-4e57-b3aa-a3487a0e2f14,,,,,,,,,,,2025-06-26
2202,2025-06-26 15:28:49,42.438696,-76.495954,2025-06-26 15:28:52.243,37,1528,7,Green Commons,165,,20dca94a-16d3-4d03-acee-f43b3b2a8ee5,,,,,,,,,,,2025-06-26
2202,2025-06-26 15:28:49,42.438696,-76.495954,2025-06-26 15:28:52.243,37,1528,7,Green Commons,165,,63e47d8c-d399-423b-b95e-400ea5ad032e,,,,,,,,,,,2025-06-26
2202,2025-06-26 15:28:49,42.438696,-76.495954,2025-06-26 15:28:52.243,37,1528,7,Green Commons,165,,732b6538-65be-4f58-b948-952c60d5776d,,,,,,,,,,,2025-06-26
2202,2025-06-26 15:28:49,42.438696,-76.495954,2025-06-26 15:28:52.243,37,1528,7,Green Commons,165,,a63d67b1-adde-4a2c-91f9-3888324e3eb2,,,,,,,,,,,2025-06-26
2202,2025-06-26 15:28:49,42.438696,-76.495954,2025-06-26 15:28:52.243,37,1528,7,Green Commons,165,,f4e26df0-b851-4bbb-aeda-29de36a625b3,,,,,,,,,,,2025-06-26
2202,2025-06-26 15:37:55,42.447552,-76.467176,2025-06-26 15:37:57.897,37,1528,7,Vet School,1555,,96cb4323-0f1f-4141-9d31-344a07a4b455,,,,,,,,,,,2025-06-26
2202,2025-06-26 15:37:55,42.447552,-76.467176,2025-06-26 15:37:57.897,37,1528,7,Vet School,1555,,29e3c311-c3fe-428d-94aa-b936c202a6f7,,,,,,,,,,,2025-06-26
2202,2025-06-26 15:37:55,42.447552,-76.467176,2025-06-26 15:37:57.897,37,1528,7,Vet School,1555,,6e7f4bce-dac0-48cb-8c2f-0d347f6d74c6,,,,,,,,,,,2025-06-26
2202,2025-06-26 15:37:55,42.447552,-76.467176,2025-06-26 15:37:57.897,37,1528,7,Vet School,1555,,470af5ac-f1d1-44bb-b24d-b1591b2f5284,,,,,,,,,,,2025-06-26
2202,2025-06-26 15:37:55,42.447552,-76.467176,2025-06-26 15:37:57.897,37,1528,7,Vet School,1555,,a025217c-0095-4c80-a1a1-5488209ce36d,,,,,,,,,,,2025-06-26
2202,2025-06-26 15:39:34,42.447582,-76.472265,2025-06-26 15:39:37.480,37,1528,7,Dairy Bar Acros,1546,,d6d208ba-c7e5-4e0f-ae40-323bad98da45,,,,,,,,,,,2025-06-26
2202,2025-06-26 15:41:08,42.447610,-76.476446,2025-06-26 15:41:11.900,37,1528,7,Bradfield Hall,1544,,e17cd5d4-1f0f-4164-b846-8da6a950c691,,,,,,,,,,,2025-06-26
2202,2025-06-26 15:41:08,42.447610,-76.476446,2025-06-26 15:41:11.900,37,1528,7,Bradfield Hall,1544,,9b7a350f-643e-49b5-b5b5-8b4cd51594fa,,,,,,,,,,,2025-06-26
2202,2025-06-26 15:41:08,42.447610,-76.476446,2025-06-26 15:41:11.900,37,1528,7,Bradfield Hall,1544,,0d177a48-4ecd-4725-9fb4-c7cd356ddd70,,,,,,,,,,,2025-06-26
2202,2025-06-26 16:00:33,42.486362,-76.467381,2025-06-26 16:00:36.547,37,1528,7,Undefined,0,,a93ac795-41ca-47ac-9cbd-8ff90893cb26,,,,,,,,,,,2025-06-26
2202,2025-06-26 16:29:15,42.447583,-76.481243,2025-06-26 16:29:18.580,37,1606,3,Uris Hall,1541,,c608a67c-791f-4de5-a18c-b8414529753f,,,,,,,,,,,2025-06-26
2202,2025-06-26 16:42:20,42.447618,-76.480039,2025-06-26 16:42:23.390,20,1636,7,Kennedy Hall,1542,,fde613f0-1793-4275-aa3f-46e3d2d0b2d1,,,,,,,,,,,2025-06-26
2202,2025-06-26 16:43:18,42.447581,-76.482616,2025-06-26 16:43:21.690,20,1636,7,Uris Hall Acros,1540,,322c6c97-b689-464f-8f09-a9e7bff65534,,,,,,,,,,,2025-06-26
2202,2025-06-26 16:44:43,42.445169,-76.482873,2025-06-26 16:44:46.097,20,1636,7,Sage Hall,1534,,8076a169-526c-43aa-b97f-dc3a5780642b,,,,,,,,,,,2025-06-26
2202,2025-06-26 16:53:48,42.440461,-76.497479,2025-06-26 16:53:51.423,20,1636,7,Seneca Commons,100,,7ad2f9c9-b079-410b-bbb0-99896e8347ba,,,,,,,,,,,2025-06-26
2202,2025-06-26 16:53:48,42.440461,-76.497479,2025-06-26 16:53:51.423,20,1636,7,Seneca Commons,100,,c7086cdb-a848-41a0-bb74-f066b5df2797,,,,,,,,,,,2025-06-26
2202,2025-06-26 16:53:48,42.440461,-76.497479,2025-06-26 16:53:51.423,20,1636,7,Seneca Commons,100,,e26e6497-0891-425e-bca1-825d1b11185f,,,,,,,,,,,2025-06-26
2202,2025-06-26 16:53:48,42.440461,-76.497479,2025-06-26 16:53:51.423,20,1636,7,Seneca Commons,100,,e6cc38ea-78ae-4380-b498-11135a4b394e,,,,,,,,,,,2025-06-26
2202,2025-06-26 16:53:48,42.440461,-76.497479,2025-06-26 16:53:51.423,20,1636,7,Seneca Commons,100,,8d2ce516-d16d-4006-b8b7-4bdb3569cee2,,,,,,,,,,,2025-06-26
2202,2025-06-26 16:53:48,42.440461,-76.497479,2025-06-26 16:53:51.423,20,1636,7,Seneca Commons,100,,037b6f1e-3004-4ef5-a783-b57a3ef37269,,,,,,,,,,,2025-06-26
2202,2025-06-26 16:53:48,42.440461,-76.497479,2025-06-26 16:53:51.423,20,1636,7,Seneca Commons,100,,d53a6a21-50ed-4f72-8039-28b9b73c096d,,,,,,,,,,,2025-06-26
2202,2025-06-26 17:40:54,42.448249,-76.538723,2025-06-26 17:40:57.803,20,1724,3,EcoVillage,2309,,1970a41c-8eca-41cd-bbec-f518f5c6e5ba,,,,,,,,,,,2025-06-26
2202,2025-06-26 17:40:54,42.448249,-76.538723,2025-06-26 17:40:57.803,20,1724,3,EcoVillage,2309,,6926e15d-2ad5-4bd9-badf-9c6fc425ccac,,,,,,,,,,,2025-06-26
2202,2025-06-26 18:00:42,42.441270,-76.489825,2025-06-26 18:00:44.787,43,1751,7,Stewart @ Senec,1721,,94045075-91aa-4f07-bf78-6f9d6d6d1bef,,,,,,,,,,,2025-06-26
2202,2025-06-26 18:01:54,42.443973,-76.489473,2025-06-26 18:01:56.980,43,1751,7,Stewart @ Willi,1725,,6d02bdd9-dcf4-4366-b546-5d7af8b371d6,,,,,,,,,,,2025-06-26
2202,2025-06-26 18:04:10,42.446434,-76.482683,2025-06-26 18:04:12.237,43,1751,7,Statler Hall,1533,,e58d7971-683c-4c07-98cc-d0a0a9b46331,,,,,,,,,,,2025-06-26
2202,2025-06-26 18:07:24,42.447539,-76.470255,2025-06-26 18:07:26.183,43,1751,7,Dairy Bar,1547,,23a2af8a-3b56-4ed5-a42b-4d55d8593716,,,,,,,,,,,2025-06-26
2202,2025-06-26 18:07:24,42.447539,-76.470255,2025-06-26 18:07:26.183,43,1751,7,Dairy Bar,1547,,bfc2c811-bcf9-41dc-bfc0-a45a28531b68,,,,,,,,,,,2025-06-26
2202,2025-06-26 18:41:37,42.503259,-76.290660,2025-06-26 18:41:39.307,43,1841,3,TC3,4783,,666b3a5e-372f-4802-acc4-a7c1a42e5a6c,,,,,,,,,,,2025-06-26
2502,2025-06-26 13:05:01,42.587535,-76.367806,2025-06-26 13:05:03.460,43,1303,3,Groton Speedway,4365,,be8e1584-50a8-4e4a-a2e7-68ab9f22d4e5,,,,,,,,,,,2025-06-26
2502,2025-06-26 14:11:16,42.440433,-76.497503,2025-06-26 14:11:18.777,67,1411,7,Seneca Commons,100,,c8533c2d-adee-45aa-b01c-4d6759a8f625,,,,,,,,,,,2025-06-26
2502,2025-06-26 14:11:16,42.440433,-76.497503,2025-06-26 14:11:18.777,67,1411,7,Seneca Commons,100,,500a1cd7-e5cf-401c-9ff8-42fce4f293b2,,,,,,,,,,,2025-06-26
2502,2025-06-26 14:18:48,42.431517,-76.508080,2025-06-26 14:18:50.127,67,1411,7,Meadow @ Wood,532,,386ec77e-3283-4ccf-9716-606afde8f556,,,,,,,,,,,2025-06-26
2502,2025-06-26 14:48:59,42.382685,-76.553664,2025-06-26 14:49:01.317,67,1438,3,West Danby Rd @,6515,,54dca29d-c272-41a1-8c7c-9c57c3a07bd1,,,,,,,,,,,2025-06-26
2502,2025-06-26 15:46:36,42.501458,-76.298206,2025-06-26 15:46:38.167,43,1511,7,North @ Brightd,4755,,9e67c806-a7bf-49b5-a5fb-f7cb6629ac42,,,,,,,,,,,2025-06-26
2502,2025-06-26 16:02:14,42.490503,-76.300576,2025-06-26 16:02:16.290,43,1556,3,Dryden Vill Lib,4718,,0a22e52f-6898-4082-942b-c076a9924bbd,,,,,,,,,,,2025-06-26
2502,2025-06-26 16:39:27,42.438684,-76.496100,2025-06-26 16:39:29.120,43,1638,7,Green Commons,165,,a42a622b-ebab-4f09-b0bf-9685f64e9fd8,,,,,,,,,,,2025-06-26
2502,2025-06-26 16:39:27,42.438684,-76.496100,2025-06-26 16:39:29.120,43,1638,7,Green Commons,165,,cf94e69c-5cc1-4a90-b3c4-df964e8231b7,,,,,,,,,,,2025-06-26
2502,2025-06-26 16:39:27,42.438684,-76.496100,2025-06-26 16:39:29.120,43,1638,7,Green Commons,165,,b6ee008c-6c60-4ec7-b6d9-1e9bfef82ce6,,,,,,,,,,,2025-06-26
2502,2025-06-26 16:39:27,42.438684,-76.496100,2025-06-26 16:39:29.120,43,1638,7,Green Commons,165,,7d582975-3f0e-411e-8526-7636a711d248,,,,,,,,,,,2025-06-26
2502,2025-06-26 16:39:27,42.438684,-76.496100,2025-06-26 16:39:29.120,43,1638,7,Green Commons,165,,c4fd35f9-0aeb-4744-8529-5b677ccbf66a,,,,,,,,,,,2025-06-26
2502,2025-06-26 16:39:27,42.438684,-76.496100,2025-06-26 16:39:29.120,43,1638,7,Green Commons,165,,8566d732-cc04-41fa-9f1c-c3d680b001c6,,,,,,,,,,,2025-06-26
2502,2025-06-26 17:43:23,42.447545,-76.467168,2025-06-26 17:43:25.833,21,1743,7,Vet School,1555,,6d869e90-3af5-40f7-933a-8b5c4c9632ad,,,,,,,,,,,2025-06-26
2502,2025-06-26 17:57:38,42.440477,-76.497461,2025-06-26 17:57:39.880,21,1743,7,Seneca Commons,100,,b70a4b8d-3b7c-4cd3-8610-baf87731a2f1,,,,,,,,,,,2025-06-26
2502,2025-06-26 17:57:38,42.440477,-76.497461,2025-06-26 17:57:39.880,21,1743,7,Seneca Commons,100,,62085e55-164f-487c-9b38-7c3f226530fa,,,,,,,,,,,2025-06-26
2502,2025-06-26 17:57:38,42.440477,-76.497461,2025-06-26 17:57:39.880,21,1743,7,Seneca Commons,100,,6c69eca5-0a92-4f7f-8f41-6304b7f9b31c,,,,,,,,,,,2025-06-26
2502,2025-06-26 19:08:08,42.438681,-76.496109,2025-06-26 19:08:10.110,51,1906,7,Green Commons,165,,f23d6f95-c6b2-44ba-8aa1-0094f6e4f7af,,,,,,,,,,,2025-06-26
2502,2025-06-26 19:08:08,42.438681,-76.496109,2025-06-26 19:08:10.110,51,1906,7,Green Commons,165,,7ec1cc68-27bd-498e-889e-2a4ccdfcef7a,,,,,,,,,,,2025-06-26
2502,2025-06-26 19:08:08,42.438681,-76.496109,2025-06-26 19:08:10.110,51,1906,7,Green Commons,165,,c54531d8-c03c-43e4-8f45-284a47c9d578,,,,,,,,,,,2025-06-26
2502,2025-06-26 19:08:08,42.438681,-76.496109,2025-06-26 19:08:10.110,51,1906,7,Green Commons,165,,26590378-707e-4ec1-a08b-a8d81fb01740,,,,,,,,,,,2025-06-26
2502,2025-06-26 19:08:08,42.438681,-76.496109,2025-06-26 19:08:10.110,51,1906,7,Green Commons,165,,986801d1-fac4-45e6-994b-e18c783c91f5,,,,,,,,,,,2025-06-26
2502,2025-06-26 19:17:21,42.447574,-76.478330,2025-06-26 19:17:23.887,51,1906,7,Corson/Mudd Hal,1543,,4dd739e1-3374-4fca-b292-3c3929228ea7,,,,,,,,,,,2025-06-26
2502,2025-06-26 19:23:17,42.447347,-76.466878,2025-06-26 19:23:19.987,51,1906,7,Boyce Thomp,1553,,faa57478-58a0-478a-840a-2e3fb580a10c,,,,,,,,,,,2025-06-26
2502,2025-06-26 19:30:21,42.437108,-76.462808,2025-06-26 19:30:22.963,51,1906,7,E Hill Plaza,1774,,d242b019-b421-4059-b0c8-294497dea821,,,,,,,,,,,2025-06-26
2502,2025-06-26 19:47:01,42.438328,-76.465454,2025-06-26 19:47:03.310,51,1933,3,PineTree @ EHP,1767,,9b0208f6-759b-47b9-a663-8dd6d6dc7251,,,,,,,,,,,2025-06-26
,,,,,,,,,,2025-06-26 09:33:03,,2025-06-26 09:33:03,1111,255100056741871,Special card,Cornell Card,Cornell,255100056741871,376780,TOM,STUDENT OMNI NEW,
,,,,,,,,,,2025-06-26 13:31:34,,2025-06-26 13:31:34,1111,255100053364502,Special card,Cornell Card,Cornell,255100053364502,373470,TOM,STUDENT OMNIRIDE,
,,,,,,,,,,2025-06-26 13:32:02,,2025-06-26 13:32:02,1111,255100050324391,Special card,Cornell Card,Cornell,255100050324391,378807,TOM,STUDENT OMNI NEW,
,,,,,,,,,,2025-06-26 15:16:41,,2025-06-26 15:16:41,1111,255100053391532,Special card,Cornell Card,Cornell,255100053391532,368772,TOM,POST GRADUATE,
,,,,,,,,,,2025-06-26 16:05:04,,2025-06-26 16:05:04,1111,255100058632861,Special card,Cornell Card,Cornell,255100058632861,381062,TOM,FACULTY/STAFF,
,,,,,,,,,,2025-06-26 16:05:33,,2025-06-26 16:05:33,1111,255100055329291,Special card,Cornell Card,Cornell,255100055329291,353666,TOM,STUDENT OMNIRIDE,
,,,,,,,,,,2025-06-26 18:20:28,,2025-06-26 18:20:28,1111,255100013097262,Special card,Cornell Card,Cornell,255100013097262,375660,TOM,TEMP STAFF,
,,,,,,,,,,2025-06-26 18:22:00,,2025-06-26 18:22:00,1111,255100056372801,Special card,Cornell Card,Cornell,255100056372801,372189,TOM,STUDENT OMNI NEW,
,,,,,,,,,,2025-06-26 18:22:02,,2025-06-26 18:22:02,1111,255100052645711,Special card,Cornell Card,Cornell,255100052645711,300717,TOM,STUDENT OMNIRIDE,
,,,,,,,,,,2025-06-26 18:22:53,,2025-06-26 18:22:53,1111,255100057066022,Special card,Cornell Card,Cornell,255100057066022,374458,TOM,STUDENT OMNI NEW,
,,,,,,,,,,2025-06-26 19:35:12,,2025-06-26 19:35:12,1111,255100010428052,Special card,Cornell Card,Cornell,255100010428052,194920,TOM,FACULTY/STAFF,
,,,,,,,,,,2025-06-26 20:04:32,,2025-06-26 20:04:32,1111,255100056218441,Special card,Cornell Card,Cornell,255100056218441,371875,TOM,STUDENT OMNI NEW,
,,,,,,,,,,2025-06-26 20:42:16,,2025-06-26 20:42:16,1111,255100058578761,Special card,Cornell Card,Cornell,255100058578761,380471,TOM,TEMP STAFF,
,,,,,,,,,,2025-06-26 20:42:20,,2025-06-26 20:42:20,1111,255100058611421,Special card,Cornell Card,Cornell,255100058611421,374725,TOM,TEMP STAFF,
,,,,,,,,,,2025-06-26 07:19:43,,2025-06-26 07:19:43,1112,255100057329201,Special card,Cornell Card,Cornell,255100057329201,371601,TOM,FACULTY/STAFF,
,,,,,,,,,,2025-06-26 07:19:50,,2025-06-26 07:19:50,1112,255100010255741,Special card,Cornell Card,Cornell,255100010255741,113604,TOM,FACULTY/STAFF,
,,,,,,,,,,2025-06-26 07:25:37,,2025-06-26 07:25:37,1112,255100054711422,Special card,Cornell Card,Cornell,255100054711422,371211,TOM,POST GRADUATE,
,,,,,,,,,,2025-06-26 07:25:39,,2025-06-26 07:25:39,1112,255100056107242,Special card,Cornell Card,Cornell,255100056107242,375759,TOM,FACULTY/STAFF,
,,,,,,,,,,2025-06-26 07:29:40,,2025-06-26 07:29:40,1112,255100057536951,Special card,Cornell Card,Cornell,255100057536951,366508,TOM,FACULTY/STAFF,
,,,,,,,,,,2025-06-26 07:40:50,,2025-06-26 07:40:50,1112,255100052370311,Special card,Cornell Card,Cornell,255100052370311,314388,TOM,STUDENT OMNIRIDE,
,,,,,,,,,,2025-06-26 07:42:59,,2025-06-26 07:42:59,1112,255100048595301,Special card,Cornell Card,Cornell,255100048595301,227995,TOM,FACULTY/STAFF,
,,,,,,,,,,2025-06-26 07:46:43,,2025-06-26 07:46:43,1112,255100055835342,Special card,Cornell Card,Cornell,255100055835342,360995,TOM,FACULTY/STAFF,
,,,,,,,,,,2025-06-26 07:49:34,,2025-06-26 07:49:34,1112,255100010005901,Special card,Cornell Card,Cornell,255100010005901,10459,TOM,FACULTY/STAFF,
,,,,,,,,,,2025-06-26 07:49:36,,2025-06-26 07:49:36,1112,255100047036842,Special card,Cornell Card,Cornell,255100047036842,349561,TOM,STUDENT OMNIRIDE,
,,,,,,,,,,2025-06-26 07:49:39,,2025-06-26 07:49:39,1112,255100041146891,Special card,Cornell Card,Cornell,255100041146891,310938,TOM,FACULTY/STAFF,
,,,,,,,,,,2025-06-26 07:51:34,,2025-06-26 07:51:34,1112,255100043793452,Special card,Cornell Card,Cornell,255100043793452,359643,TOM,FACULTY/STAFF,
,,,,,,,,,,2025-06-26 07:52:28,,2025-06-26 07:52:28,1112,255100055986651,Special card,Cornell Card,Cornell,255100055986651,350444,TOM,STUDENT OMNI NEW,
,,,,,,,,,,2025-06-26 07:52:32,,2025-06-26 07:52:32,1112,255100055984631,Special card,Cornell Card,Cornell,255100055984631,362762,TOM,FACULTY/STAFF,
,,,,,,,,,,2025-06-26 07:52:35,,2025-06-26 07:52:35,1112,255100053513361,Special card,Cornell Card,Cornell,255100053513361,306771,TOM,FACULTY/STAFF,
,,,,,,,,,,2025-06-26 07:54:03,,2025-06-26 07:54:03,1112,255100018428391,Special card,Cornell Card,Cornell,255100018428391,46165,TOM,FACULTY/STAFF,
,,,,,,,,,,2025-06-26 07:54:06,,2025-06-26 07:54:06,1112,255100057355382,Special card,Cornell Card,Cornell,255100057355382,380199,TOM,TEMP STAFF,
,,,,,,,,,,2025-06-26 07:54:08,,2025-06-26 07:54:08,1112,255100057785681,Special card,Cornell Card,Cornell,255100057785681,376498,TOM,STUDENT OMNI NEW,
,,,,,,,,,,2025-06-26 07:54:59,,2025-06-26 07:54:59,1112,255100058611291,Special card,Cornell Card,Cornell,255100058611291,374351,TOM,POST GRADUATE,
,,,,,,,,,,2025-06-26 07:55:01,,2025-06-26 07:55:01,1112,255100036932092,Special card,Cornell Card,Cornell,255100036932092,380470,TOM,TEMP STAFF,
,,,,,,,,,,2025-06-26 07:55:03,,2025-06-26 07:55:03,1112,255100056328761,Special card,Cornell Card,Cornell,255100056328761,340831,TOM,STUDENT OMNI NEW,
,,,,,,,,,,2025-06-26 08:05:20,,2025-06-26 08:05:20,1112,255100050394891,Special card,Cornell Card,Cornell,255100050394891,272763,TOM,STUDENT OMNIRIDE,
,,,,,,,,,,2025-06-26 08:09:18,,2025-06-26 08:09:18,1112,255100054658291,Special card,Cornell Card,Cornell,255100054658291,305975,TOM,FACULTY/STAFF,
,,,,,,,,,,2025-06-26 08:09:21,,2025-06-26 08:09:21,1112,255100037656031,Special card,Cornell Card,Cornell,255100037656031,332834,TOM,FACULTY/STAFF,
,,,,,,,,,,2025-06-26 08:10:24,,2025-06-26 08:10:24,1112,255100027360632,Special card,Cornell Card,Cornell,255100027360632,364073,TOM,FACULTY/STAFF,
,,,,,,,,,,2025-06-26 08:13:39,,2025-06-26 08:13:39,1112,255100038732262,Special card,Cornell Card,Cornell,255100038732262,227560,TOM,FACULTY/STAFF,
,,,,,,,,,,2025-06-26 08:13:41,,2025-06-26 08:13:41,1112,255100053807281,Special card,Cornell Card,Cornell,255100053807281,339036,TOM,STUDENT OMNIRIDE,
,,,,,,,,,,2025-06-26 08:13:43,,2025-06-26 08:13:43,1112,255100049771901,Special card,Cornell Card,Cornell,255100049771901,263623,TOM,STUDENT OMNIRIDE,
,,,,,,,,,,2025-06-26 08:13:45,,2025-06-26 08:13:45,1112,255100058452731,Special card,Cornell Card,Cornell,255100058452731,368175,TOM,FACULTY/STAFF,
,,,,,,,,,,2025-06-26 08:13:49,,2025-06-26 08:13:49,1112,255100029166071,Special card,Cornell Card,Cornell,255100029166071,368796,TOM,FACULTY/STAFF,
,,,,,,,,,,2025-06-26 08:14:02,,2025-06-26 08:14:02,1112,255100055196901,Special card,Cornell Card,Cornell,255100055196901,354267,TOM,STUDENT OMNIRIDE,
,,,,,,,,,,2025-06-26 08:16:12,,2025-06-26 08:16:12,1112,255100044237234,Special card,Cornell Card,Cornell,255100044237234,374260,TOM,FACULTY/STAFF,
,,,,,,,,,,2025-06-26 08:18:00,,2025-06-26 08:18:00,1112,255100053722605,Special card,Cornell Card,Cornell,255100053722605,334870,TOM,TEMP STAFF,
,,,,,,,,,,2025-06-26 08:18:01,,2025-06-26 08:18:01,1112,255100010147572,Special card,Cornell Card,Cornell,255100010147572,139185,TOM,FACULTY/STAFF,
,,,,,,,,,,2025-06-26 08:18:04,,2025-06-26 08:18:04,1112,255100043982691,Special card,Cornell Card,Cornell,255100043982691,317523,TOM,POST GRADUATE,
,,,,,,,,,,2025-06-26 08:19:15,,2025-06-26 08:19:15,1112,255100044210143,Special card,Cornell Card,Cornell,255100044210143,324619,TOM,FACULTY/STAFF,
,,,,,,,,,,2025-06-26 08:32:28,,2025-06-26 08:32:28,1112,255100052603001,Special card,Cornell Card,Cornell,255100052603001,318870,TOM,STUDENT OMNIRIDE,
,,,,,,,,,,2025-06-26 08:33:51,,2025-06-26 08:33:51,1112,255100012946531,Special card,Cornell Card,Cornell,255100012946531,167476,TOM,FACULTY/STAFF,
,,,,,,,,,,2025-06-26 08:37:46,,2025-06-26 08:37:46,1112,255100055170311,Special card,Cornell Card,Cornell,255100055170311,355272,TOM,STUDENT OMNIRIDE,
,,,,,,,,,,2025-06-26 08:37:48,,2025-06-26 08:37:48,1112,255100057364011,Special card,Cornell Card,Cornell,255100057364011,371396,TOM,TEMP STAFF,
,,,,,,,,,,2025-06-26 08:37:50,,2025-06-26 08:37:50,1112,255100032430462,Special card,Cornell Card,Cornell,255100032430462,371235,TOM,FACULTY/STAFF,
,,,,,,,,,,2025-06-26 08:37:52,,2025-06-26 08:37:52,1112,255100050868481,Special card,Cornell Card,Cornell,255100050868481,265583,TOM,FACULTY/STAFF,
,,,,,,,,,,2025-06-26 08:37:54,,2025-06-26 08:37:54,1112,255100038018092,Special card,Cornell Card,Cornell,255100038018092,374924,TOM,FACULTY/STAFF,
,,,,,,,,,,2025-06-26 08:40:13,,2025-06-26 08:40:13,1112,255100057041141,Special card,Cornell Card,Cornell,255100057041141,360342,TOM,POST GRADUATE,
,,,,,,,,,,2025-06-26 08:40:17,,2025-06-26 08:40:17,1112,255100031515254,Special card,Cornell Card,Cornell,255100031515254,363260,TOM,FACULTY/STAFF,
,,,,,,,,,,2025-06-26 08:40:19,,2025-06-26 08:40:19,1112,255100053497571,Special card,Cornell Card,Cornell,255100053497571,311087,TOM,FACULTY/STAFF,
,,,,,,,,,,2025-06-26 08:41:39,,2025-06-26 08:41:39,1112,255100057355432,Special card,Cornell Card,Cornell,255100057355432,374357,TOM,TEMP STAFF,
,,,,,,,,,,2025-06-26 08:43:30,,2025-06-26 08:43:30,1112,255100053362812,Special card,Cornell Card,Cornell,255100053362812,330393,TOM,STUDENT OMNIRIDE,
,,,,,,,,,,2025-06-26 08:43:32,,2025-06-26 08:43:32,1112,255100054066683,Special card,Cornell Card,Cornell,255100054066683,373293,TOM,STUDENT OMNIRIDE,
,,,,,,,,,,2025-06-26 08:56:14,,2025-06-26 08:56:14,1112,255100031320792,Special card,Cornell Card,Cornell,255100031320792,261858,TOM,FACULTY/STAFF,
,,,,,,,,,,2025-06-26 08:56:16,,2025-06-26 08:56:16,1112,255100054446211,Special card,Cornell Card,Cornell,255100054446211,360425,TOM,FACULTY/STAFF,
,,,,,,,,,,2025-06-26 08:56:18,,2025-06-26 08:56:18,1112,255100022597291,Special card,Cornell Card,Cornell,255100022597291,98943,TOM,FACULTY/STAFF,
,,,,,,,,,,2025-06-26 08:56:20,,2025-06-26 08:56:20,1112,255100053789172,Special card,Cornell Card,Cornell,255100053789172,343553,TOM,STUDENT OMNIRIDE,
,,,,,,,,,,2025-06-26 08:56:22,,2025-06-26 08:56:22,1112,255100053748891,Special card,Cornell Card,Cornell,255100053748891,330105,TOM,STUDENT OMNIRIDE,
,,,,,,,,,,2025-06-26 08:56:24,,2025-06-26 08:56:24,1112,255100053881381,Special card,Cornell Card,Cornell,255100053881381,327420,TOM,STUDENT OMNIRIDE,
,,,,,,,,,,2025-06-26 08:57:52,,2025-06-26 08:57:52,1112,255100032443142,Special card,Cornell Card,Cornell,255100032443142,278601,TOM,FACULTY/STAFF,
,,,,,,,,,,2025-06-26 09:01:48,,2025-06-26 09:01:48,1112,255100055352701,Special card,Cornell Card,Cornell,255100055352701,374403,TOM,TEMP STAFF,
,,,,,,,,,,2025-06-26 09:01:50,,2025-06-26 09:01:50,1112,255100050418871,Special card,Cornell Card,Cornell,255100050418871,281464,TOM,STUDENT OMNIRIDE,
,,,,,,,,,,2025-06-26 09:01:51,,2025-06-26 09:01:51,1112,255100050883391,Special card,Cornell Card,Cornell,255100050883391,267704,TOM,FACULTY/STAFF,
,,,,,,,,,,2025-06-26 09:01:54,,2025-06-26 09:01:54,1112,255100058498911,Special card,Cornell Card,Cornell,255100058498911,375034,TOM,FACULTY/STAFF,
,,,,,,,,,,2025-06-26 09:01:56,,2025-06-26 09:01:56,1112,255100056574001,Special card,Cornell Card,Cornell,255100056574001,361035,TOM,FACULTY/STAFF,
,,,,,,,,,,2025-06-26 09:01:58,,2025-06-26 09:01:58,1112,255100056286831,Special card,Cornell Card,Cornell,255100056286831,358891,TOM,FACULTY/STAFF,
,,,,,,,,,,2025-06-26 09:02:02,,2025-06-26 09:02:02,1112,255100042406371,Special card,Cornell Card,Cornell,255100042406371,340340,TOM,STUDENT OMNI NEW,
,,,,,,,,,,2025-06-26 09:04:09,,2025-06-26 09:04:09,1112,255100058583761,Special card,Cornell Card,Cornell,255100058583761,374750,TOM,TEMP STAFF,
,,,,,,,,,,2025-06-26 09:05:26,,2025-06-26 09:05:26,1112,255100025964311,Special card,Cornell Card,Cornell,255100025964311,206245,TOM,FACULTY/STAFF,
,,,,,,,,,,2025-06-26 09:05:31,,2025-06-26 09:05:31,1112,255100033912151,Special card,Cornell Card,Cornell,255100033912151,153347,TOM,FACULTY/STAFF,
,,,,,,,,,,2025-06-26 09:06:26,,2025-06-26 09:06:26,1112,255100056102691,Special card,Cornell Card,Cornell,255100056102691,379035,TOM,STUDENT OMNI NEW,
,,,,,,,,,,2025-06-26 09:22:36,,2025-06-26 09:22:36,1112,255100056346271,Special card,Cornell Card,Cornell,255100056346271,377634,TOM,STUDENT OMNI NEW,
,,,,,,,,,,2025-06-26 09:23:12,,2025-06-26 09:23:12,1112,255100049485331,Special card,Cornell Card,Cornell,255100049485331,355883,TOM,STUDENT OMNIRIDE,
,,,,,,,,,,2025-06-26 09:25:56,,2025-06-26 09:25:56,1112,255100057301341,Special card,Cornell Card,Cornell,255100057301341,366293,TOM,FACULTY/STAFF,
,,,,,,,,,,2025-06-26 09:25:59,,2025-06-26 09:25:59,1112,255100056367161,Special card,Cornell Card,Cornell,255100056367161,377630,TOM,STUDENT OMNI NEW,
,,,,,,,,,,2025-06-26 09:26:01,,2025-06-26 09:26:01,1112,255100043438551,Special card,Cornell Card,Cornell,255100043438551,337797,TOM,FACULTY/STAFF,
,,,,,,,,,,2025-06-26 09:27:24,,2025-06-26 09:27:24,1112,255100056486041,Special card,Cornell Card,Cornell,255100056486041,350277,TOM,STUDENT OMNI NEW,
,,,,,,,,,,2025-06-26 09:29:42,,2025-06-26 09:29:42,1112,255100055370311,Special card,Cornell Card,Cornell,255100055370311,344744,TOM,STUDENT OMNIRIDE,
,,,,,,,,,,2025-06-26 09:32:59,,2025-06-26 09:32:59,1112,255100057337972,Special card,Cornell Card,Cornell,255100057337972,341715,TOM,FACULTY/STAFF,
,,,,,,,,,,2025-06-26 09:35:19,,2025-06-26 09:35:19,1112,255100056421761,Special card,Cornell Card,Cornell,255100056421761,377491,TOM,STUDENT OMNI NEW,
,,,,,,,,,,2025-06-26 09:38:54,,2025-06-26 09:38:54,1112,255100056398201,Special card,Cornell Card,Cornell,255100056398201,351572,TOM,STUDENT OMNI NEW,
,,,,,,,,,,2025-06-26 09:38:57,,2025-06-26 09:38:57,1112,255100053094241,Special card,Cornell Card,Cornell,255100053094241,313540,TOM,TEMP STAFF,
,,,,,,,,,,2025-06-26 09:41:51,,2025-06-26 09:41:51,1112,255100050505872,Special card,Cornell Card,Cornell,255100050505872,376216,TOM,STUDENT OMNIRIDE,
,,,,,,,,,,2025-06-26 09:41:55,,2025-06-26 09:41:55,1112,255100033373682,Special card,Cornell Card,Cornell,255100033373682,351343,TOM,STUDENT OMNIRIDE,
,,,,,,,,,,2025-06-26 09:42:01,,2025-06-26 09:42:01,1112,255100051456642,Special card,Cornell Card,Cornell,255100051456642,346519,TOM,STUDENT OMNIRIDE,
,,,,,,,,,,2025-06-26 09:43:19,,2025-06-26 09:43:19,1112,255100053527752,Special card,Cornell Card,Cornell,255100053527752,379092,TOM,STUDENT OMNI NEW,
,,,,,,,,,,2025-06-26 09:51:04,,2025-06-26 09:51:04,1112,255100051756251,Special card,Cornell Card,Cornell,255100051756251,293976,TOM,STUDENT OMNIRIDE,
,,,,,,,,,,2025-06-26 09:51:06,,2025-06-26 09:51:06,1112,255100050418261,Special card,Cornell Card,Cornell,255100050418261,272982,TOM,STUDENT OMNIRIDE,
,,,,,,,,,,2025-06-26 09:51:07,,2025-06-26 09:51:07,1112,255100049703591,Special card,Cornell Card,Cornell,255100049703591,331412,TOM,STUDENT OMNIRIDE,
,,,,,,,,,,2025-06-26 09:51:09,,2025-06-26 09:51:09,1112,255100053789721,Special card,Cornell Card,Cornell,255100053789721,336480,TOM,STUDENT OMNIRIDE,
,,,,,,,,,,2025-06-26 09:51:11,,2025-06-26 09:51:11,1112,255100013097262,Special card,Cornell Card,Cornell,255100013097262,375660,TOM,TEMP STAFF,
,,,,,,,,,,2025-06-26 09:51:13,,2025-06-26 09:51:13,1112,255100037547571,Special card,Cornell Card,Cornell,255100037547571,280175,TOM,STUDENT OMNIRIDE,
,,,,,,,,,,2025-06-26 09:51:16,,2025-06-26 09:51:16,1112,255100050707161,Special card,Cornell Card,Cornell,255100050707161,297289,TOM,STUDENT OMNIRIDE,
,,,,,,,,,,2025-06-26 09:51:19,,2025-06-26 09:51:19,1112,255100048850791,Special card,Cornell Card,Cornell,255100048850791,281739,TOM,STUDENT OMNIRIDE,
,,,,,,,,,,2025-06-26 09:51:27,,2025-06-26 09:51:27,1112,255100056450381,Special card,Cornell Card,Cornell,255100056450381,340179,TOM,STUDENT OMNI NEW,
,,,,,,,,,,2025-06-26 09:51:36,,2025-06-26 09:51:36,1112,255100055196811,Special card,Cornell Card,Cornell,255100055196811,377494,TOM,STUDENT OMNI NEW,
,,,,,,,,,,2025-06-26 09:53:34,,2025-06-26 09:53:34,1112,255100057355541,Special card,Cornell Card,Cornell,255100057355541,371801,TOM,POST GRADUATE,
,,,,,,,,,,2025-06-26 09:55:30,,2025-06-26 09:55:30,1112,255100055592171,Special card,Cornell Card,Cornell,255100055592171,332516,TOM,STUDENT OMNIRIDE,
,,,,,,,,,,2025-06-26 10:04:45,,2025-06-26 10:04:45,1112,255100057785001,Special card,Cornell Card,Cornell,255100057785001,367891,TOM,TEMP STAFF,
,,,,,,,,,,2025-06-26 10:08:31,,2025-06-26 10:08:31,1112,255100056302202,Special card,Cornell Card,Cornell,255100056302202,380360,TOM,STUDENT OMNI NEW,
,,,,,,,,,,2025-06-26 10:08:37,,2025-06-26 10:08:37,1112,255100031457782,Special card,Cornell Card,Cornell,255100031457782,363704,TOM,FACULTY/STAFF,
,,,,,,,,,,2025-06-26 10:08:39,,2025-06-26 10:08:39,1112,255100036931175,Special card,Cornell Card,Cornell,255100036931175,375008,TOM,FACULTY/STAFF,
,,,,,,,,,,2025-06-26 10:08:42,,2025-06-26 10:08:42,1112,255100056318321,Special card,Cornell Card,Cornell,255100056318321,350271,TOM,STUDENT OMNI NEW,
,,,,,,,,,,2025-06-26 10:08:44,,2025-06-26 10:08:44,1112,255100053432411,Special card,Cornell Card,Cornell,255100053432411,310939,TOM,FACULTY/STAFF,
,,,,,,,,,,2025-06-26 10:13:53,,2025-06-26 10:13:53,1112,255100056422131,Special card,Cornell Card,Cornell,255100056422131,379021,TOM,STUDENT OMNI NEW,
,,,,,,,,,,2025-06-26 10:15:05,,2025-06-26 10:15:05,1112,255100053801811,Special card,Cornell Card,Cornell,255100053801811,327941,TOM,STUDENT OMNIRIDE,
,,,,,,,,,,2025-06-26 10:15:07,,2025-06-26 10:15:07,1112,255100050061971,Special card,Cornell Card,Cornell,255100050061971,251643,TOM,FACULTY/STAFF,
,,,,,,,,,,2025-06-26 10:15:09,,2025-06-26 10:15:09,1112,255100055767701,Special card,Cornell Card,Cornell,255100055767701,332861,TOM,FACULTY/STAFF,
,,,,,,,,,,2025-06-26 10:15:12,,2025-06-26 10:15:12,1112,255100054804002,Special card,Cornell Card,Cornell,255100054804002,379857,TOM,STUDENT OMNI NEW,
,,,,,,,,,,2025-06-26 10:16:59,,2025-06-26 10:16:59,1112,255100055304431,Special card,Cornell Card,Cornell,255100055304431,352722,TOM,STUDENT OMNIRIDE,
,,,,,,,,,,2025-06-26 10:17:07,,2025-06-26 10:17:07,1112,255100053727931,Special card,Cornell Card,Cornell,255100053727931,308860,TOM,STUDENT OMNIRIDE,
,,,,,,,,,,2025-06-26 10:20:36,,2025-06-26 10:20:36,1112,255100056348711,Special card,Cornell Card,Cornell,255100056348711,367726,TOM,STUDENT OMNI NEW,
,,,,,,,,,,2025-06-26 10:30:51,,2025-06-26 10:30:51,1112,255100055096861,Special card,Cornell Card,Cornell,255100055096861,349368,TOM,STUDENT OMNIRIDE,
,,,,,,,,,,2025-06-26 10:34:06,,2025-06-26 10:34:06,1112,255100010002261,Special card,Cornell Card,Cornell,255100010002261,264401,TOM,FACULTY/STAFF,
,,,,,,,,,,2025-06-26 10:34:25,,2025-06-26 10:34:25,1112,255100057218741,Special card,Cornell Card,Cornell,255100057218741,358840,TOM,TEMP STAFF,
,,,,,,,,,,2025-06-26 10:35:11,,2025-06-26 10:35:11,1112,255100058611421,Special card,Cornell Card,Cornell,255100058611421,374725,TOM,TEMP STAFF,
,,,,,,,,,,2025-06-26 10:36:00,,2025-06-26 10:36:00,1112,255100057252121,Special card,Cornell Card,Cornell,255100057252121,371362,TOM,POST GRADUATE,
,,,,,,,,,,2025-06-26 10:39:31,,2025-06-26 10:39:31,1112,255100054565514,Special card,Cornell Card,Cornell,255100054565514,367945,TOM,FACULTY/STAFF,
,,,,,,,,,,2025-06-26 10:39:35,,2025-06-26 10:39:35,1112,255100013075851,Special card,Cornell Card,Cornell,255100013075851,194106,TOM,FACULTY/STAFF,
,,,,,,,,,,2025-06-26 10:39:40,,2025-06-26 10:39:40,1112,255100038729142,Special card,Cornell Card,Cornell,255100038729142,374781,TOM,STUDENT OMNIRIDE,
,,,,,,,,,,2025-06-26 10:39:42,,2025-06-26 10:39:42,1112,255100058519371,Special card,Cornell Card,Cornell,255100058519371,374930,TOM,FACULTY/STAFF,
,,,,,,,,,,2025-06-26 10:39:47,,2025-06-26 10:39:47,1112,255100057284981,Special card,Cornell Card,Cornell,255100057284981,366277,TOM,FACULTY/STAFF,
,,,,,,,,,,2025-06-26 10:41:31,,2025-06-26 10:41:31,1112,255100055714501,Special card,Cornell Card,Cornell,255100055714501,354300,TOM,STUDENT OMNIRIDE,
,,,,,,,,,,2025-06-26 10:41:33,,2025-06-26 10:41:33,1112,255100055515211,Special card,Cornell Card,Cornell,255100055515211,355128,TOM,STUDENT OMNIRIDE,
,,,,,,,,,,2025-06-26 10:44:01,,2025-06-26 10:44:01,1112,255100055329291,Special card,Cornell Card,Cornell,255100055329291,353666,TOM,STUDENT OMNIRIDE,
,,,,,,,,,,2025-06-26 10:44:04,,2025-06-26 10:44:04,1112,255100056362561,Special card,Cornell Card,Cornell,255100056362561,379389,TOM,STUDENT OMNI NEW,
,,,,,,,,,,2025-06-26 10:45:06,,2025-06-26 10:45:06,1112,255100043878143,Special card,Cornell Card,Cornell,255100043878143,317017,TOM,FACULTY/STAFF,
,,,,,,,,,,2025-06-26 10:49:42,,2025-06-26 10:49:42,1112,255100056214984,Special card,Cornell Card,Cornell,255100056214984,376056,TOM,STUDENT OMNI NEW,
,,,,,,,,,,2025-06-26 10:57:09,,2025-06-26 10:57:09,1112,255100053893181,Special card,Cornell Card,Cornell,255100053893181,331368,TOM,STUDENT OMNIRIDE,
,,,,,,,,,,2025-06-26 11:02:50,,2025-06-26 11:02:50,1112,255100054753331,Special card,Cornell Card,Cornell,255100054753331,303068,TOM,POST GRADUATE,
,,,,,,,,,,2025-06-26 11:04:07,,2025-06-26 11:04:07,1112,255100048962352,Special card,Cornell Card,Cornell,255100048962352,262344,TOM,STUDENT OMNIRIDE,
,,,,,,,,,,2025-06-26 11:04:08,,2025-06-26 11:04:08,1112,255100053868751,Special card,Cornell Card,Cornell,255100053868751,300835,TOM,POST GRADUATE,
,,,,,,,,,,2025-06-26 11:04:57,,2025-06-26 11:04:57,1112,255100054299361,Special card,Cornell Card,Cornell,255100054299361,331319,TOM,STUDENT OMNIRIDE,
,,,,,,,,,,2025-06-26 11:06:04,,2025-06-26 11:06:04,1112,255100053031362,Special card,Cornell Card,Cornell,255100053031362,343458,TOM,TEMP STAFF,
,,,,,,,,,,2025-06-26 11:10:30,,2025-06-26 11:10:30,1112,255100033944731,Special card,Cornell Card,Cornell,255100033944731,150779,TOM,FACULTY/STAFF,
,,,,,,,,,,2025-06-26 11:17:43,,2025-06-26 11:17:43,1112,255100052288211,Special card,Cornell Card,Cornell,255100052288211,316134,TOM,FACULTY/STAFF,
,,,,,,,,,,2025-06-26 11:17:48,,2025-06-26 11:17:48,1112,255100049479662,Special card,Cornell Card,Cornell,255100049479662,348483,TOM,FACULTY/STAFF,
,,,,,,,,,,2025-06-26 11:17:54,,2025-06-26 11:17:54,1112,255100050451411,Special card,Cornell Card,Cornell,255100050451411,273313,TOM,STUDENT OMNIRIDE,
,,,,,,,,,,2025-06-26 11:17:56,,2025-06-26 11:17:56,1112,255100046805141,Special card,Cornell Card,Cornell,255100046805141,330281,TOM,STUDENT OMNIRIDE,
,,,,,,,,,,2025-06-26 11:17:59,,2025-06-26 11:17:59,1112,255100047342252,Special card,Cornell Card,Cornell,255100047342252,373930,TOM,STUDENT OMNIRIDE,
,,,,,,,,,,2025-06-26 11:22:47,,2025-06-26 11:22:47,1112,255100028057881,Special card,Cornell Card,Cornell,255100028057881,325183,TOM,FACULTY/STAFF,
,,,,,,,,,,2025-06-26 11:25:46,,2025-06-26 11:25:46,1112,255100055084321,Special card,Cornell Card,Cornell,255100055084321,354627,TOM,STUDENT OMNIRIDE,
,,,,,,,,,,2025-06-26 11:25:48,,2025-06-26 11:25:48,1112,255100053434941,Special card,Cornell Card,Cornell,255100053434941,310891,TOM,POST GRADUATE,
,,,,,,,,,,2025-06-26 11:25:49,,2025-06-26 11:25:49,1112,255100055001861,Special card,Cornell Card,Cornell,255100055001861,355218,TOM,STUDENT OMNIRIDE,
,,,,,,,,,,2025-06-26 11:25:51,,2025-06-26 11:25:51,1112,255100055166631,Special card,Cornell Card,Cornell,255100055166631,355989,TOM,STUDENT OMNIRIDE,
,,,,,,,,,,2025-06-26 11:25:53,,2025-06-26 11:25:53,1112,255100057060743,Special card,Cornell Card,Cornell,255100057060743,368059,TOM,POST GRADUATE,
,,,,,,,,,,2025-06-26 11:25:56,,2025-06-26 11:25:56,1112,255100058420391,Special card,Cornell Card,Cornell,255100058420391,368482,TOM,POST GRADUATE,
,,,,,,,,,,2025-06-26 11:29:18,,2025-06-26 11:29:18,1112,255100010103441,Special card,Cornell Card,Cornell,255100010103441,246338,TOM,EMERITUS,
,,,,,,,,,,2025-06-26 11:30:17,,2025-06-26 11:30:17,1112,255100052719141,Special card,Cornell Card,Cornell,255100052719141,359402,TOM,STUDENT OMNI NEW,
,,,,,,,,,,2025-06-26 11:30:19,,2025-06-26 11:30:19,1112,255100057032971,Special card,Cornell Card,Cornell,255100057032971,372188,TOM,STUDENT OMNI NEW,
,,,,,,,,,,2025-06-26 11:30:21,,2025-06-26 11:30:21,1112,255100056541191,Special card,Cornell Card,Cornell,255100056541191,378890,TOM,STUDENT OMNI NEW,
,,,,,,,,,,2025-06-26 11:39:55,,2025-06-26 11:39:55,1112,255100058582181,Special card,Cornell Card,Cornell,255100058582181,374722,TOM,TEMP STAFF,
,,,,,,,,,,2025-06-26 11:43:27,,2025-06-26 11:43:27,1112,255100053859441,Special card,Cornell Card,Cornell,255100053859441,326250,TOM,STUDENT OMNIRIDE,
,,,,,,,,,,2025-06-26 11:43:29,,2025-06-26 11:43:29,1112,255100036106273,Special card,Cornell Card,Cornell,255100036106273,368835,TOM,FACULTY/STAFF,
,,,,,,,,,,2025-06-26 11:45:07,,2025-06-26 11:45:07,1112,255100057366681,Special card,Cornell Card,Cornell,255100057366681,371421,TOM,POST GRADUATE,
,,,,,,,,,,2025-06-26 11:52:54,,2025-06-26 11:52:54,1112,255100055096131,Special card,Cornell Card,Cornell,255100055096131,354976,TOM,STUDENT OMNIRIDE,
,,,,,,,,,,2025-06-26 11:52:57,,2025-06-26 11:52:57,1112,255100013008632,Special card,Cornell Card,Cornell,255100013008632,141948,TOM,FACULTY/STAFF,
,,,,,,,,,,2025-06-26 11:53:55,,2025-06-26 11:53:55,1112,255100053802201,Special card,Cornell Card,Cornell,255100053802201,328315,TOM,STUDENT OMNIRIDE,
,,,,,,,,,,2025-06-26 11:53:58,,2025-06-26 11:53:58,1112,255100010140382,Special card,Cornell Card,Cornell,255100010140382,361081,TOM,FACULTY/STAFF,
,,,,,,,,,,2025-06-26 11:54:00,,2025-06-26 11:54:00,1112,255100051638161,Special card,Cornell Card,Cornell,255100051638161,297308,TOM,STUDENT OMNIRIDE,
,,,,,,,,,,2025-06-26 11:54:03,,2025-06-26 11:54:03,1112,255100010224922,Special card,Cornell Card,Cornell,255100010224922,374928,TOM,RETIREE 25,
,,,,,,,,,,2025-06-26 11:55:19,,2025-06-26 11:55:19,1112,255100058608741,Special card,Cornell Card,Cornell,255100058608741,374654,TOM,TEMP STAFF,
,,,,,,,,,,2025-06-26 11:55:23,,2025-06-26 11:55:23,1112,255100057231461,Special card,Cornell Card,Cornell,255100057231461,366242,TOM,POST GRADUATE,
,,,,,,,,,,2025-06-26 11:59:25,,2025-06-26 11:59:25,1112,255100053501611,Special card,Cornell Card,Cornell,255100053501611,311342,TOM,POST GRADUATE,
,,,,,,,,,,2025-06-26 12:08:27,,2025-06-26 12:08:27,1112,255100056941911,Special card,Cornell Card,Cornell,255100056941911,340370,TOM,STUDENT OMNI NEW,
,,,,,,,,,,2025-06-26 12:08:34,,2025-06-26 12:08:34,1112,255100050078732,Special card,Cornell Card,Cornell,255100050078732,314157,TOM,POST GRADUATE,
,,,,,,,,,,2025-06-26 12:08:37,,2025-06-26 12:08:37,1112,255100053827503,Special card,Cornell Card,Cornell,255100053827503,375044,TOM,STUDENT OMNIRIDE,
,,,,,,,,,,2025-06-26 12:08:41,,2025-06-26 12:08:41,1112,255100017520492,Special card,Cornell Card,Cornell,255100017520492,367946,TOM,FACULTY/STAFF,
,,,,,,,,,,2025-06-26 12:08:44,,2025-06-26 12:08:44,1112,255100057696701,Special card,Cornell Card,Cornell,255100057696701,380389,TOM,STUDENT OMNI NEW,
,,,,,,,,,,2025-06-26 12:08:49,,2025-06-26 12:08:49,1112,255100058117771,Special card,Cornell Card,Cornell,255100058117771,378116,TOM,STUDENT OMNI NEW,
,,,,,,,,,,2025-06-26 12:08:52,,2025-06-26 12:08:52,1112,255100058055001,Special card,Cornell Card,Cornell,255100058055001,378163,TOM,STUDENT OMNI NEW,
,,,,,,,,,,2025-06-26 12:08:58,,2025-06-26 12:08:58,1112,255100057882331,Special card,Cornell Card,Cornell,255100057882331,378210,TOM,STUDENT OMNI NEW,
,,,,,,,,,,2025-06-26 12:10:33,,2025-06-26 12:10:33,1112,255100055957891,Special card,Cornell Card,Cornell,255100055957891,362713,TOM,FACULTY/STAFF,
,,,,,,,,,,2025-06-26 12:10:41,,2025-06-26 12:10:41,1112,255100029691372,Special card,Cornell Card,Cornell,255100029691372,227581,TOM,FACULTY/STAFF,
,,,,,,,,,,2025-06-26 12:12:49,,2025-06-26 12:12:49,1112,255100056102621,Special card,Cornell Card,Cornell,255100056102621,357060,TOM,STUDENT OMNIRIDE,
,,,,,,,,,,2025-06-26 12:15:06,,2025-06-26 12:15:06,1112,255100057340823,Special card,Cornell Card,Cornell,255100057340823,367888,TOM,POST GRADUATE,
,,,,,,,,,,2025-06-26 12:17:28,,2025-06-26 12:17:28,1112,255100053967174,Special card,Cornell Card,Cornell,255100053967174,358277,TOM,STUDENT OMNIRIDE,
,,,,,,,,,,2025-06-26 12:18:47,,2025-06-26 12:18:47,1112,255100055060492,Special card,Cornell Card,Cornell,255100055060492,349441,TOM,STUDENT OMNIRIDE,
,,,,,,,,,,2025-06-26 12:19:39,,2025-06-26 12:19:39,1112,255100057091131,Special card,Cornell Card,Cornell,255100057091131,379017,TOM,STUDENT OMNI NEW,
,,,,,,,,,,2025-06-26 12:19:41,,2025-06-26 12:19:41,1112,255100054623553,Special card,Cornell Card,Cornell,255100054623553,359002,TOM,POST GRADUATE,
,,,,,,,,,,2025-06-26 12:19:43,,2025-06-26 12:19:43,1112,255100057370001,Special card,Cornell Card,Cornell,255100057370001,375991,TOM,STUDENT OMNI NEW,
,,,,,,,,,,2025-06-26 12:19:48,,2025-06-26 12:19:48,1112,255100057371061,Special card,Cornell Card,Cornell,255100057371061,376001,TOM,STUDENT OMNI NEW,
,,,,,,,,,,2025-06-26 12:23:08,,2025-06-26 12:23:08,1112,255100055416961,Special card,Cornell Card,Cornell,255100055416961,349257,TOM,STUDENT OMNIRIDE,
,,,,,,,,,,2025-06-26 12:24:59,,2025-06-26 12:24:59,1112,255100051202273,Special card,Cornell Card,Cornell,255100051202273,360263,TOM,FACULTY/STAFF,
,,,,,,,,,,2025-06-26 12:32:11,,2025-06-26 12:32:11,1112,255100046849151,Special card,Cornell Card,Cornell,255100046849151,301539,TOM,STUDENT OMNIRIDE,
,,,,,,,,,,2025-06-26 12:32:14,,2025-06-26 12:32:14,1112,255100013047542,Special card,Cornell Card,Cornell,255100013047542,267672,TOM,FACULTY/STAFF,
,,,,,,,,,,2025-06-26 12:39:05,,2025-06-26 12:39:05,1112,255100052641621,Special card,Cornell Card,Cornell,255100052641621,318812,TOM,STUDENT OMNIRIDE,
,,,,,,,,,,2025-06-26 12:39:08,,2025-06-26 12:39:08,1112,255100053883971,Special card,Cornell Card,Cornell,255100053883971,304194,TOM,STUDENT OMNIRIDE,
,,,,,,,,,,2025-06-26 12:39:12,,2025-06-26 12:39:12,1112,255100053809031,Special card,Cornell Card,Cornell,255100053809031,321372,TOM,STUDENT OMNIRIDE,
,,,,,,,,,,2025-06-26 12:39:15,,2025-06-26 12:39:15,1112,255100057102042,Special card,Cornell Card,Cornell,255100057102042,371666,TOM,POST GRADUATE,
,,,,,,,,,,2025-06-26 12:39:16,,2025-06-26 12:39:16,1112,255100056946751,Special card,Cornell Card,Cornell,255100056946751,376774,TOM,STUDENT OMNI NEW,
,,,,,,,,,,2025-06-26 12:39:29,,2025-06-26 12:39:29,1112,255100057369951,Special card,Cornell Card,Cornell,255100057369951,371327,TOM,FACULTY/STAFF,
,,,,,,,,,,2025-06-26 12:40:19,,2025-06-26 12:40:19,1112,255100055183021,Special card,Cornell Card,Cornell,255100055183021,345003,TOM,STUDENT OMNIRIDE,
,,,,,,,,,,2025-06-26 12:40:21,,2025-06-26 12:40:21,1112,255100056455891,Special card,Cornell Card,Cornell,255100056455891,373036,TOM,STUDENT OMNI NEW,
,,,,,,,,,,2025-06-26 12:40:23,,2025-06-26 12:40:23,1112,255100056427391,Special card,Cornell Card,Cornell,255100056427391,351135,TOM,STUDENT OMNI NEW,
,,,,,,,,,,2025-06-26 12:40:25,,2025-06-26 12:40:25,1112,255100049470201,Special card,Cornell Card,Cornell,255100049470201,335516,TOM,STUDENT OMNIRIDE,
,,,,,,,,,,2025-06-26 12:40:27,,2025-06-26 12:40:27,1112,255100056343691,Special card,Cornell Card,Cornell,255100056343691,351134,TOM,STUDENT OMNI NEW,
,,,,,,,,,,2025-06-26 12:40:29,,2025-06-26 12:40:29,1112,255100053523511,Special card,Cornell Card,Cornell,255100053523511,302702,TOM,POST GRADUATE,
,,,,,,,,,,2025-06-26 12:41:52,,2025-06-26 12:41:52,1112,255100056417002,Special card,Cornell Card,Cornell,255100056417002,368420,TOM,STUDENT OMNI NEW,
,,,,,,,,,,2025-06-26 12:42:45,,2025-06-26 12:42:45,1112,255100010141971,Special card,Cornell Card,Cornell,255100010141971,96635,TOM,FACULTY/STAFF,
,,,,,,,,,,2025-06-26 12:43:46,,2025-06-26 12:43:46,1112,255100057337801,Special card,Cornell Card,Cornell,255100057337801,366341,TOM,FACULTY/STAFF,
,,,,,,,,,,2025-06-26 12:52:23,,2025-06-26 12:52:23,1112,255100055044391,Special card,Cornell Card,Cornell,255100055044391,348640,TOM,STUDENT OMNIRIDE,
,,,,,,,,,,2025-06-26 12:55:25,,2025-06-26 12:55:25,1112,255100012745721,Special card,Cornell Card,Cornell,255100012745721,65762,TOM,FACULTY/STAFF,
,,,,,,,,,,2025-06-26 12:55:27,,2025-06-26 12:55:27,1112,255100055875231,Special card,Cornell Card,Cornell,255100055875231,363306,TOM,FACULTY/STAFF,
,,,,,,,,,,2025-06-26 12:55:30,,2025-06-26 12:55:30,1112,255100052686573,Special card,Cornell Card,Cornell,255100052686573,352155,TOM,STUDENT OMNIRIDE,
,,,,,,,,,,2025-06-26 12:55:32,,2025-06-26 12:55:32,1112,255100041155491,Special card,Cornell Card,Cornell,255100041155491,295034,TOM,STUDENT OMNIRIDE,
,,,,,,,,,,2025-06-26 12:55:36,,2025-06-26 12:55:36,1112,255100050155251,Special card,Cornell Card,Cornell,255100050155251,273619,TOM,STUDENT OMNIRIDE,
,,,,,,,,,,2025-06-26 12:55:38,,2025-06-26 12:55:38,1112,255100056498072,Special card,Cornell Card,Cornell,255100056498072,361455,TOM,FACULTY/STAFF,
,,,,,,,,,,2025-06-26 12:55:49,,2025-06-26 12:55:49,1112,255100056458321,Special card,Cornell Card,Cornell,255100056458321,340772,TOM,STUDENT OMNI NEW,
,,,,,,,,,,2025-06-26 12:55:51,,2025-06-26 12:55:51,1112,255100053807791,Special card,Cornell Card,Cornell,255100053807791,331409,TOM,STUDENT OMNIRIDE,
,,,,,,,,,,2025-06-26 13:00:11,,2025-06-26 13:00:11,1112,255100055801292,Special card,Cornell Card,Cornell,255100055801292,349060,TOM,POST GRADUATE,
,,,,,,,,,,2025-06-26 13:04:25,,2025-06-26 13:04:25,1112,255100051463451,Special card,Cornell Card,Cornell,255100051463451,294805,TOM,STUDENT OMNIRIDE,
,,,,,,,,,,2025-06-26 13:04:27,,2025-06-26 13:04:27,1112,255100050357532,Special card,Cornell Card,Cornell,255100050357532,340684,TOM,STUDENT OMNIRIDE,
,,,,,,,,,,2025-06-26 13:04:35,,2025-06-26 13:04:35,1112,255100013089921,Special card,Cornell Card,Cornell,255100013089921,76245,TOM,FACULTY/STAFF,
,,,,,,,,,,2025-06-26 13:04:37,,2025-06-26 13:04:37,1112,255100049439353,Special card,Cornell Card,Cornell,255100049439353,341757,TOM,POST GRADUATE,
,,,,,,,,,,2025-06-26 13:06:54,,2025-06-26 13:06:54,1112,255100052646351,Special card,Cornell Card,Cornell,255100052646351,300733,TOM,STUDENT OMNIRIDE,
,,,,,,,,,,2025-06-26 13:08:46,,2025-06-26 13:08:46,1112,255100050509821,Special card,Cornell Card,Cornell,255100050509821,349006,TOM,POST GRADUATE,
,,,,,,,,,,2025-06-26 13:08:48,,2025-06-26 13:08:48,1112,255100056665951,Special card,Cornell Card,Cornell,255100056665951,340661,TOM,STUDENT OMNI NEW,
,,,,,,,,,,2025-06-26 13:12:28,,2025-06-26 13:12:28,1112,255100053836561,Special card,Cornell Card,Cornell,255100053836561,339320,TOM,STUDENT OMNIRIDE,
,,,,,,,,,,2025-06-26 13:14:24,,2025-06-26 13:14:24,1112,255100056436061,Special card,Cornell Card,Cornell,255100056436061,379365,TOM,STUDENT OMNI NEW,
,,,,,,,,,,2025-06-26 13:14:28,,2025-06-26 13:14:28,1112,255100018377971,Special card,Cornell Card,Cornell,255100018377971,281445,TOM,AFFILIATE,
,,,,,,,,,,2025-06-26 13:18:31,,2025-06-26 13:18:31,1112,255100055518771,Special card,Cornell Card,Cornell,255100055518771,354305,TOM,STUDENT OMNIRIDE,
,,,,,,,,,,2025-06-26 13:20:42,,2025-06-26 13:20:42,1112,255100055942414,Special card,Cornell Card,Cornell,255100055942414,361575,TOM,FACULTY/STAFF,
,,,,,,,,,,2025-06-26 13:20:54,,2025-06-26 13:20:54,1112,255100056372151,Special card,Cornell Card,Cornell,255100056372151,376740,TOM,STUDENT OMNI NEW,
,,,,,,,,,,2025-06-26 13:20:57,,2025-06-26 13:20:57,1112,255100051774751,Special card,Cornell Card,Cornell,255100051774751,295112,TOM,STUDENT OMNIRIDE,
,,,,,,,,,,2025-06-26 13:25:25,,2025-06-26 13:25:25,1112,255100045386141,Special card,Cornell Card,Cornell,255100045386141,312361,TOM,STUDENT OMNIRIDE,
,,,,,,,,,,2025-06-26 13:27:02,,2025-06-26 13:27:02,1112,255100056461191,Special card,Cornell Card,Cornell,255100056461191,370412,TOM,STUDENT OMNI NEW,
,,,,,,,,,,2025-06-26 13:27:06,,2025-06-26 13:27:06,1112,255100051568851,Special card,Cornell Card,Cornell,255100051568851,291623,TOM,STUDENT OMNIRIDE,
,,,,,,,,,,2025-06-26 13:30:56,,2025-06-26 13:30:56,1112,255100055329291,Special card,Cornell Card,Cornell,255100055329291,353666,TOM,STUDENT OMNIRIDE,
,,,,,,,,,,2025-06-26 13:34:33,,2025-06-26 13:34:33,1112,255100054402521,Special card,Cornell Card,Cornell,255100054402521,337214,TOM,STUDENT OMNIRIDE,
,,,,,,,,,,2025-06-26 13:36:19,,2025-06-26 13:36:19,1112,255100051592461,Special card,Cornell Card,Cornell,255100051592461,297352,TOM,STUDENT OMNIRIDE,
,,,,,,,,,,2025-06-26 13:46:33,,2025-06-26 13:46:33,1112,255100056318701,Special card,Cornell Card,Cornell,255100056318701,350252,TOM,STUDENT OMNI NEW,
,,,,,,,,,,2025-06-26 13:47:37,,2025-06-26 13:47:37,1112,255100056079622,Special card,Cornell Card,Cornell,255100056079622,349015,TOM,FACULTY/STAFF,
,,,,,,,,,,2025-06-26 13:52:27,,2025-06-26 13:52:27,1112,255100041435121,Special card,Cornell Card,Cornell,255100041435121,314397,TOM,STUDENT OMNIRIDE,
,,,,,,,,,,2025-06-26 13:53:32,,2025-06-26 13:53:32,1112,255100053171712,Special card,Cornell Card,Cornell,255100053171712,303342,TOM,STUDENT OMNIRIDE,
,,,,,,,,,,2025-06-26 13:58:16,,2025-06-26 13:58:16,1112,255100013075851,Special card,Cornell Card,Cornell,255100013075851,194106,TOM,FACULTY/STAFF,
,,,,,,,,,,2025-06-26 13:59:53,,2025-06-26 13:59:53,1112,255100055170311,Special card,Cornell Card,Cornell,255100055170311,355272,TOM,STUDENT OMNIRIDE,
,,,,,,,,,,2025-06-26 14:20:24,,2025-06-26 14:20:24,1112,255100057079541,Special card,Cornell Card,Cornell,255100057079541,374637,TOM,STUDENT OMNI NEW,
,,,,,,,,,,2025-06-26 14:20:27,,2025-06-26 14:20:27,1112,255100056448081,Special card,Cornell Card,Cornell,255100056448081,379380,TOM,STUDENT OMNI NEW,
,,,,,,,,,,2025-06-26 14:23:39,,2025-06-26 14:23:39,1112,255100056675321,Special card,Cornell Card,Cornell,255100056675321,369643,TOM,STUDENT OMNI NEW,
,,,,,,,,,,2025-06-26 14:25:21,,2025-06-26 14:25:21,1112,255100055166631,Special card,Cornell Card,Cornell,255100055166631,355989,TOM,STUDENT OMNIRIDE,
,,,,,,,,,,2025-06-26 14:25:29,,2025-06-26 14:25:29,1112,255100055196811,Special card,Cornell Card,Cornell,255100055196811,377494,TOM,STUDENT OMNI NEW,
,,,,,,,,,,2025-06-26 14:25:31,,2025-06-26 14:25:31,1112,255100056450381,Special card,Cornell Card,Cornell,255100056450381,340179,TOM,STUDENT OMNI NEW,
,,,,,,,,,,2025-06-26 14:25:40,,2025-06-26 14:25:40,1112,255100051614811,Special card,Cornell Card,Cornell,255100051614811,291464,TOM,STUDENT OMNIRIDE,
,,,,,,,,,,2025-06-26 14:30:09,,2025-06-26 14:30:09,1112,255100056407501,Special card,Cornell Card,Cornell,255100056407501,376660,TOM,STUDENT OMNI NEW,
,,,,,,,,,,2025-06-26 14:30:11,,2025-06-26 14:30:11,1112,255100056332671,Special card,Cornell Card,Cornell,255100056332671,371938,TOM,STUDENT OMNI NEW,
,,,,,,,,,,2025-06-26 14:38:28,,2025-06-26 14:38:28,1112,255100054693912,Special card,Cornell Card,Cornell,255100054693912,354903,TOM,STUDENT OMNIRIDE,
,,,,,,,,,,2025-06-26 14:38:35,,2025-06-26 14:38:35,1112,255100057295021,Special card,Cornell Card,Cornell,255100057295021,358901,TOM,POST GRADUATE,
,,,,,,,,,,2025-06-26 14:38:38,,2025-06-26 14:38:38,1112,255100028016163,Special card,Cornell Card,Cornell,255100028016163,256379,TOM,FACULTY/STAFF,
,,,,,,,,,,2025-06-26 14:44:21,,2025-06-26 14:44:21,1112,255100055310951,Special card,Cornell Card,Cornell,255100055310951,355840,TOM,STUDENT OMNIRIDE,
,,,,,,,,,,2025-06-26 14:44:23,,2025-06-26 14:44:23,1112,255100056343691,Special card,Cornell Card,Cornell,255100056343691,351134,TOM,STUDENT OMNI NEW,
,,,,,,,,,,2025-06-26 14:45:51,,2025-06-26 14:45:51,1112,255100012946531,Special card,Cornell Card,Cornell,255100012946531,167476,TOM,FACULTY/STAFF,
,,,,,,,,,,2025-06-26 14:45:53,,2025-06-26 14:45:53,1112,255100050078732,Special card,Cornell Card,Cornell,255100050078732,314157,TOM,POST GRADUATE,
,,,,,,,,,,2025-06-26 15:01:48,,2025-06-26 15:01:48,1112,255100010122513,Special card,Cornell Card,Cornell,255100010122513,99430,TOM,FACULTY/STAFF,
,,,,,,,,,,2025-06-26 15:05:36,,2025-06-26 15:05:36,1112,255100055940052,Special card,Cornell Card,Cornell,255100055940052,375410,TOM,STUDENT OMNI NEW,
,,,,,,,,,,2025-06-26 15:05:42,,2025-06-26 15:05:42,1112,255100056407501,Special card,Cornell Card,Cornell,255100056407501,376660,TOM,STUDENT OMNI NEW,
,,,,,,,,,,2025-06-26 15:05:49,,2025-06-26 15:05:49,1112,255100056332671,Special card,Cornell Card,Cornell,255100056332671,371938,TOM,STUDENT OMNI NEW,
,,,,,,,,,,2025-06-26 15:05:52,,2025-06-26 15:05:52,1112,255100055785892,Special card,Cornell Card,Cornell,255100055785892,379713,TOM,STUDENT OMNIRIDE,
,,,,,,,,,,2025-06-26 15:05:55,,2025-06-26 15:05:55,1112,255100055937541,Special card,Cornell Card,Cornell,255100055937541,354250,TOM,STUDENT OMNIRIDE,
,,,,,,,,,,2025-06-26 15:07:56,,2025-06-26 15:07:56,1112,255100049908452,Special card,Cornell Card,Cornell,255100049908452,367012,TOM,POST GRADUATE,
,,,,,,,,,,2025-06-26 15:08:07,,2025-06-26 15:08:07,1112,255100055957891,Special card,Cornell Card,Cornell,255100055957891,362713,TOM,FACULTY/STAFF,
,,,,,,,,,,2025-06-26 15:08:11,,2025-06-26 15:08:11,1112,255100029691372,Special card,Cornell Card,Cornell,255100029691372,227581,TOM,FACULTY/STAFF,
,,,,,,,,,,2025-06-26 15:09:33,,2025-06-26 15:09:33,1112,255100041782322,Special card,Cornell Card,Cornell,255100041782322,349761,TOM,FACULTY/STAFF,
,,,,,,,,,,2025-06-26 15:09:56,,2025-06-26 15:09:56,1112,255100054803363,Special card,Cornell Card,Cornell,255100054803363,360924,TOM,FACULTY/STAFF,
,,,,,,,,,,2025-06-26 15:22:37,,2025-06-26 15:22:37,1112,255100056436061,Special card,Cornell Card,Cornell,255100056436061,379365,TOM,STUDENT OMNI NEW,
,,,,,,,,,,2025-06-26 15:25:52,,2025-06-26 15:25:52,1112,255100056525331,Special card,Cornell Card,Cornell,255100056525331,378952,TOM,STUDENT OMNI NEW,
,,,,,,,,,,2025-06-26 15:25:54,,2025-06-26 15:25:54,1112,255100056448531,Special card,Cornell Card,Cornell,255100056448531,340909,TOM,STUDENT OMNI NEW,
,,,,,,,,,,2025-06-26 15:26:11,,2025-06-26 15:26:11,1112,255100012689291,Special card,Cornell Card,Cornell,255100012689291,28118,TOM,FACULTY/STAFF,
,,,,,,,,,,2025-06-26 15:29:35,,2025-06-26 15:29:35,1112,255100057322301,Special card,Cornell Card,Cornell,255100057322301,371473,TOM,POST GRADUATE,
,,,,,,,,,,2025-06-26 15:30:41,,2025-06-26 15:30:41,1112,255100057041341,Special card,Cornell Card,Cornell,255100057041341,372208,TOM,STUDENT OMNI NEW,
,,,,,,,,,,2025-06-26 15:33:06,,2025-06-26 15:33:06,1112,255100052645281,Special card,Cornell Card,Cornell,255100052645281,314440,TOM,STUDENT OMNIRIDE,
,,,,,,,,,,2025-06-26 15:33:09,,2025-06-26 15:33:09,1112,255100038018092,Special card,Cornell Card,Cornell,255100038018092,374924,TOM,FACULTY/STAFF,
,,,,,,,,,,2025-06-26 15:33:11,,2025-06-26 15:33:11,1112,255100036106273,Special card,Cornell Card,Cornell,255100036106273,368835,TOM,FACULTY/STAFF,
,,,,,,,,,,2025-06-26 15:34:37,,2025-06-26 15:34:37,1112,255100057366681,Special card,Cornell Card,Cornell,255100057366681,371421,TOM,POST GRADUATE,
,,,,,,,,,,2025-06-26 15:34:41,,2025-06-26 15:34:41,1112,255100049088774,Special card,Cornell Card,Cornell,255100049088774,366304,TOM,TEMP STAFF,
,,,,,,,,,,2025-06-26 15:34:44,,2025-06-26 15:34:44,1112,255100057349851,Special card,Cornell Card,Cornell,255100057349851,375551,TOM,STUDENT OMNI NEW,
,,,,,,,,,,2025-06-26 15:48:02,,2025-06-26 15:48:02,1112,255100057080961,Special card,Cornell Card,Cornell,255100057080961,379288,TOM,STUDENT OMNI NEW,
,,,,,,,,,,2025-06-26 15:52:05,,2025-06-26 15:52:05,1112,255100057287031,Special card,Cornell Card,Cornell,255100057287031,371519,TOM,POST GRADUATE,
,,,,,,,,,,2025-06-26 15:54:20,,2025-06-26 15:54:20,1112,255100056457451,Special card,Cornell Card,Cornell,255100056457451,359372,TOM,STUDENT OMNI NEW,
,,,,,,,,,,2025-06-26 15:54:23,,2025-06-26 15:54:23,1112,255100056436061,Special card,Cornell Card,Cornell,255100056436061,379365,TOM,STUDENT OMNI NEW,
,,,,,,,,,,2025-06-26 15:57:53,,2025-06-26 15:57:53,1112,255100042077783,Special card,Cornell Card,Cornell,255100042077783,371222,TOM,FACULTY/STAFF,
,,,,,,,,,,2025-06-26 16:07:55,,2025-06-26 16:07:55,1112,255100055096861,Special card,Cornell Card,Cornell,255100055096861,349368,TOM,STUDENT OMNIRIDE,
,,,,,,,,,,2025-06-26 16:17:27,,2025-06-26 16:17:27,1112,255100010649633,Special card,Cornell Card,Cornell,255100010649633,363797,TOM,FACULTY/STAFF,
,,,,,,,,,,2025-06-26 16:19:00,,2025-06-26 16:19:00,1112,255100051759081,Special card,Cornell Card,Cornell,255100051759081,294626,TOM,STUDENT OMNIRIDE,
,,,,,,,,,,2025-06-26 16:20:01,,2025-06-26 16:20:01,1112,255100056730311,Special card,Cornell Card,Cornell,255100056730311,369646,TOM,STUDENT OMNI NEW,
,,,,,,,,,,2025-06-26 16:20:15,,2025-06-26 16:20:15,1112,255100049240811,Special card,Cornell Card,Cornell,255100049240811,309897,TOM,FACULTY/STAFF,
,,,,,,,,,,2025-06-26 16:23:33,,2025-06-26 16:23:33,1112,255100017656423,Special card,Cornell Card,Cornell,255100017656423,363447,TOM,FACULTY/STAFF,
,,,,,,,,,,2025-06-26 16:36:23,,2025-06-26 16:36:23,1112,255100058557471,Special card,Cornell Card,Cornell,255100058557471,374950,TOM,TEMP STAFF,
,,,,,,,,,,2025-06-26 16:37:12,,2025-06-26 16:37:12,1112,255100056402471,Special card,Cornell Card,Cornell,255100056402471,376814,TOM,STUDENT OMNI NEW,
,,,,,,,,,,2025-06-26 16:47:38,,2025-06-26 16:47:38,1112,255100056760371,Special card,Cornell Card,Cornell,255100056760371,377163,TOM,STUDENT OMNI NEW,
,,,,,,,,,,2025-06-26 16:47:42,,2025-06-26 16:47:42,1112,255100056372801,Special card,Cornell Card,Cornell,255100056372801,372189,TOM,STUDENT OMNI NEW,
,,,,,,,,,,2025-06-26 16:48:45,,2025-06-26 16:48:45,1112,255100056069671,Special card,Cornell Card,Cornell,255100056069671,347100,TOM,FACULTY/STAFF,
,,,,,,,,,,2025-06-26 16:48:50,,2025-06-26 16:48:50,1112,255100056084921,Special card,Cornell Card,Cornell,255100056084921,379405,TOM,STUDENT OMNI NEW,
,,,,,,,,,,2025-06-26 16:49:16,,2025-06-26 16:49:16,1112,255100012981211,Special card,Cornell Card,Cornell,255100012981211,72213,TOM,FACULTY/STAFF,
,,,,,,,,,,2025-06-26 16:50:17,,2025-06-26 16:50:17,1112,255100012844972,Special card,Cornell Card,Cornell,255100012844972,210084,TOM,FACULTY/STAFF,
,,,,,,,,,,2025-06-26 16:51:16,,2025-06-26 16:51:16,1112,255100012637472,Special card,Cornell Card,Cornell,255100012637472,314087,TOM,FACULTY/STAFF,
,,,,,,,,,,2025-06-26 16:51:21,,2025-06-26 16:51:21,1112,255100057355432,Special card,Cornell Card,Cornell,255100057355432,374357,TOM,TEMP STAFF,
,,,,,,,,,,2025-06-26 16:51:23,,2025-06-26 16:51:23,1112,255100057785681,Special card,Cornell Card,Cornell,255100057785681,376498,TOM,STUDENT OMNI NEW,
,,,,,,,,,,2025-06-26 16:52:17,,2025-06-26 16:52:17,1112,255100050891451,Special card,Cornell Card,Cornell,255100050891451,267720,TOM,FACULTY/STAFF,
